,momentum_3m_equal,momentum_12_1_equal,momentum_max_sharpe,momentum_min_vol,ml,benchmark
2018-09-28,-0.005117501166135274,0.010745035608632414,-0.0019963586096069814,-0.0008727555541604772,-0.01869410314062294,0.0042942874264617625
2018-10-31,-0.12661889631183645,-0.1321141141657616,-0.11808650376783524,-0.07166026823898655,-0.06158810294942276,-0.0694033560936963
2018-11-30,-0.01853468282737627,0.03186334034103185,-0.06506827651081122,-0.008524370680255548,-0.01266076690466576,0.01785935665477978
2018-12-31,-0.06854763213683009,-0.09882063183523966,-0.07680902410376735,-0.06964619277752175,-0.09963337994637789,-0.09177689467997252
2019-01-31,0.00887671828474172,0.08615171450605244,0.013826958782559828,0.025689092329631475,0.06523462108686424,0.07868440166582613
2019-02-28,0.0027193514087679124,0.03138674948983573,0.02468513206803868,0.020239299032675385,-0.0034884239660072365,0.029728889343927145
2019-03-29,0.0466810147615878,0.05087394404184533,0.052024848366891245,0.050213338088783165,0.05532305628404435,0.01792425624958849
2019-04-30,0.05931135180954523,0.024375524173782345,0.04063632448007257,0.04722862537700281,0.016111854997794176,0.03931349831373798
2019-05-31,-0.09093090117664361,-0.02356275639254533,-0.028187757248031554,-0.047779869671952316,-0.09551654223253762,-0.0657777313668354
2019-06-28,0.07088889228613071,0.06411888206435981,0.0560795282126284,0.06515392746443277,0.09189811556630535,0.0689301639982407
2019-07-31,0.019204852640049286,0.030974824460831493,0.011800981038028633,0.019870552024806476,0.017182914452631166,0.013128152166957952
2019-08-30,0.03792990554084937,0.024903576225294283,0.030044879927451664,0.03751869649496387,-0.00010988082366374352,-0.018091627240523933
2019-09-30,0.035490339681719996,-0.009048323010755352,0.014379877044880538,0.01419203318974371,0.025824004481979378,0.017181177931020697
2019-10-31,0.03828162885837625,0.009394012235801146,0.018159174921286002,0.01596149003468525,0.034442269095064364,0.020431770513684056
2019-11-29,0.04881353757182569,0.008519330917980085,0.028312728437793002,0.02952030162189445,0.054706639733129676,0.034047037714499906
2019-12-31,0.10370576406563468,0.03125922890155835,0.07556153807246176,0.05937917249806728,0.07665511078077583,0.02858981890573009
2020-01-31,0.09905329397521723,0.035897936717903936,-0.00857828538060937,-0.00748555716714262,0.08998379129702994,-0.0016280928190489652
2020-02-28,-0.01481727291361506,-0.03698770671975236,-0.06847112107446555,-0.07319969556587824,-0.029795305074952615,-0.08411048363840312
2020-03-31,-0.07309086320466844,-0.10094111386707273,-0.08485133450206296,-0.030762982338758765,-0.0640591074118194,-0.12511928240892822
2020-04-30,0.2140224285463665,0.20650118378918628,0.2490842558342957,0.1735860561658568,0.16439206552496727,0.1268440381652789
2020-05-29,0.06703872971799818,0.08199062047543254,0.03407438313077814,0.013792546697949404,0.03195174464755706,0.04528181966555822
2020-06-30,0.09454773658918254,0.1500458043605418,0.1710170988620399,0.04913024266927874,0.03679777786428516,0.01838839651392421
2020-07-31,0.17418131869412504,0.1185011821239003,0.21705324547778213,0.14214236386822823,0.1031770813996435,0.055101321480443666
2020-08-31,0.2928357759942681,0.26592016586467637,0.39493759265335454,0.14519092235684328,0.2631071283641518,0.07006466690171775
2020-09-30,-0.08486520807906718,-0.0807770665100103,-0.11255481671582512,-0.0978132368182832,-0.06673387366380498,-0.039227970178423055
2020-10-30,-0.04604258771058211,-0.05227769293524399,-0.048155333043498484,-0.01367375648239151,-0.05044261581243516,-0.027665786221379718
2020-11-30,0.16262349150182867,0.1459728414464694,0.24248215124424385,0.0955866120611872,0.22104729325558017,0.10754563544385909
2020-12-31,0.05550106971038299,0.0798093060426941,0.07549460171079125,-0.014073588617918036,0.0811645376404299,0.03712145909357001
2021-01-29,0.04808337492416478,0.028227732039656075,0.044825417494063935,0.021298104619349178,0.02922406262822789,-0.011136660755445171
2021-02-26,0.09373715970307349,-0.03155358084731319,-0.008960754101689441,0.10897803973898523,0.01423415226179778,0.026091451377448394
2021-03-31,0.023358324750917304,-0.00329030708881555,0.00981299322597708,0.02195208248999803,0.08637973242450767,0.042438632533165155
2021-04-30,0.04511836709467087,0.0836395464002891,0.08034554027876002,0.07973483922448615,0.0559658896880433,0.05242532134755851
2021-05-28,0.00781856070586959,-0.0035569947065519207,0.004860674722718686,-0.005217178830583686,-0.02064135492785459,0.00548648867060697
2021-06-30,0.0606527397914944,0.08015489979811125,0.06003207184536917,0.0009349797115697037,0.05695758819499441,0.022214009565834747
2021-07-30,0.013075752494666627,0.018871602317937754,-0.00045094398280969136,0.009383028119947205,0.03688717024625656,0.02274805482838871
2021-08-31,0.07684607986688585,0.061383769599956776,0.08234323991249172,0.06401580689349966,0.060636523803740086,0.028990416255438634
2021-09-30,-0.05968584354133373,0.0010930119830990846,-0.04997561845028323,-0.047643621424773235,-0.04718350174453561,-0.047569168801901096
2021-10-29,0.171617381430417,0.18364589167919673,0.08783914591625597,0.10133849777083118,0.0824162100972079,0.0691438364006065
2021-11-30,0.07937803054656724,0.02788704398100576,0.03289175166311456,0.037471478982117744,0.03644281247842341,-0.008333706184746159
2021-12-31,-0.009072748641266443,-0.02342071712346373,-0.004280415047388153,0.042553838639499596,0.02953385336540213,0.04361291346206486
2022-01-31,-0.08726970326198398,-0.044493723873134904,-0.09112774702716119,-0.05239660462268256,-0.0020914449290947074,-0.052585165027393854
2022-02-28,0.021415706618330217,-0.022211867539199282,0.04342834402324062,0.04414819795579756,-0.013993560339008407,-0.031360491945908286
2022-03-31,0.054826002980400135,0.05803297694947224,0.07408194863610618,0.05625797006445322,0.0700702803883137,0.03577328837154625
2022-04-29,-0.004698825815806545,-0.09785640885064006,-0.03824240002059687,0.0003765211387387254,-0.1323753923916392,-0.08795671180434306
2022-05-31,0.016907923379718127,0.0029486672107251477,0.053808207182151506,-0.03978291607995432,-0.028417688838123775,5.317770464463578e-05
2022-06-30,-0.04865164137288404,-0.06496723400467554,-0.08521661747292941,-0.03498365098558519,-0.049338980161258,-0.08391999993382682
2022-07-29,0.04045068288721947,0.05651756785059243,0.022039278346290526,0.030582807696209247,0.1293339799764959,0.09111639173021002
2022-08-31,-0.03352975342207057,-0.034872900938658136,-0.02370747347539115,-0.03368351983233987,-0.02429267320627314,-0.04244012827299837
2022-09-30,-0.07782659410808782,-0.04852238908548468,-0.06957240455463427,-0.0740660058900642,-0.07691273087417405,-0.09339567201327437
2022-10-31,0.04020983378590965,0.159344413583963,0.13645005499688953,0.13733429501194777,0.07424988069693499,0.0798634138370089
2022-11-30,0.04425592604196684,0.028443731145907685,0.017395582636506333,0.04395436471276325,7.851169447412997e-05,0.053752893352493114
2022-12-30,-0.024865231330253555,-0.015352302272191117,-0.010269015966335285,-0.025720721658896373,-0.07128850242153968,-0.05897147407473047
2023-01-31,0.012424626215753506,-0.030250261054692296,-0.016283343316897014,-0.01895104989095131,0.05475190368959059,0.0617528578346791
2023-02-28,0.05996192579847978,-0.02956345353002108,0.059561925798479784,-0.016303415399068263,-0.048153276588964865,-0.02611249393181858
2023-03-31,0.069934095526668,0.026790760529900436,0.012558756722062829,-0.0018639258471985537,0.10175552557586487,0.03505161257710898
2023-04-28,-0.005450496610843411,0.04899948665231383,-0.005838974355638161,0.01604191195227397,0.03240279579919041,0.014642341662481018
2023-05-31,0.1070787706559059,0.01644977215607412,0.14547729894136516,0.016760315038646823,0.0526803536890532,0.002482347368192972
2023-06-30,0.058513614000837856,0.06854927472970332,0.07849224747289926,0.020026037595557784,0.05692278279158093,0.06472746490423464
2023-07-31,0.04946733143517709,0.06091913483870244,0.07356103194352316,0.015185122765355944,0.0858360170646122,0.031138932355010862
2023-08-31,0.0014577911611732904,-0.018237648333391587,-0.0011008563051884944,0.018026668041408164,-0.016988453928437515,-0.017716390070854016
2023-09-29,-0.07114330790764062,-0.04787334361745476,-0.08128780315803695,-0.06478925384225,-0.04122008704419085,-0.048719367465624885
2023-10-31,-0.054697563852034115,-0.03898222188927085,-0.07002790957941889,-0.033225938798213464,-0.04533401488543465,-0.02197968873798295
2023-11-30,0.036466821850949384,0.10389508327130126,0.03536864674227412,0.002869189354473677,0.057615993150594284,0.08917926878197013
2023-12-29,0.05109084720328131,0.045464755699034,0.03402732860009027,0.048582740965296245,0.018640536245224326,0.04422923115636013
2024-01-31,0.05279620473067143,0.035211223161245433,0.06813099801368176,0.045004621070298914,0.035010125751669334,0.015895707598991615
2024-02-29,0.1517916384642308,0.16045730161310237,0.21560290764289725,0.0747229812789702,0.15693909539935771,0.05172064062372317
2024-03-28,0.03297536155484456,0.05188709377020424,0.034640482923294455,0.012580192803119469,0.026888032985105895,0.031018779915342964
2024-04-30,-0.06508275050674724,-0.04772701431805503,-0.06289177410335069,-0.0625949915521024,-0.0037172771347380724,-0.04161507173789869
2024-05-31,0.07822422642311239,0.10787646554024284,0.11408904347418056,0.032654506756752924,0.05535195939834597,0.0480211901511991
2024-06-28,0.0385125835460722,0.0701824760872687,0.03689573033377787,0.01767927222984135,0.04589153350285813,0.03466980128308328
2024-07-31,-0.015288245649240745,-0.02880237140421848,-0.02663037559418552,0.0037226713789554095,0.010060534213476236,0.011321316887868749
2024-08-30,0.02514556981599642,0.021915909625749002,0.06415562279998593,0.0674075421952028,0.011335304556026833,0.022834706936630367
2024-09-30,0.056801178063025225,0.018155071672569183,0.022079102754060262,0.018333823415916557,0.037612474778795944,0.020196884090601275
2024-10-31,-0.010690790562634814,0.028692634655316268,0.010374639885632446,0.0020364952246192756,-0.017714417457977392,-0.009896743303151712
2024-11-29,0.033072729427440925,0.08407652114287388,0.015431857944828774,0.04512793761059887,0.1292415565815889,0.057301295482098835
2024-12-31,0.015826313410719075,-0.023253022952632624,-0.04957910706877712,-0.0364375804124702,-0.0073810232691638444,-0.02499013704848363
2025-01-31,0.07247494461568739,0.06936980218388071,0.09487893938961418,0.09219641331004964,0.04548329624652318,0.0270163042404441
2025-02-28,-0.0841163230957357,-0.0740744441804676,-0.019086209479166755,-0.01793876688599862,-0.013499417268498012,-0.014242092699825126
2025-03-31,-0.041568124463012036,-0.10423524959065551,-0.03400155092293215,-0.028906539695502147,-0.08417450208953181,-0.05754469768137538
2025-04-30,-0.07237969830396618,0.04151982711476115,-0.026583832531799384,-0.046456637346343296,-0.04025651979936046,-0.007624943346289825
2025-05-30,0.006022180051397694,0.086904019235107,0.019593420695314667,0.005331789977579045,0.035128537515400994,0.06152382614078289
2025-06-30,0.022088661104106132,-0.005223452117209104,-0.038132081089773145,0.006875613474327753,0.041024500671360396,0.049606839467715824
2025-07-31,0.04827481231583749,-0.0038840273448234324,0.03625910131720289,0.04862708787703225,0.045973482747790735,0.0216665625306407
2025-08-29,-0.023943333221367165,0.004989565679571927,-0.01694391604870145,-0.01933796154193902,0.048973286555812026,0.019066444295036122
2025-09-30,0.06427338622244824,0.08046286805566699,0.06987669088204485,0.041296344092604055,0.050109189627471545,0.035323687218701494
2025-10-31,0.05537566704710436,0.02238930849016582,0.05558414178141497,0.05145302452247904,-0.0113318566989798,0.0226868719049238
2025-11-28,0.024375953099097583,-0.008101756112532353,0.06143377458055189,0.05906811190957076,0.02350043602352076,0.0012996181666717899
2025-12-31,0.0022365025673195885,0.02177734742771127,-0.00545231030774323,-0.00010772997303107795,0.024751437206839633,-0.0005241344225139777
