strategy,removed_ticker,start_date,end_date,observations,annual_return,annual_volatility,sharpe,sortino,max_drawdown,calmar,annual_active_return,tracking_error,information_ratio,beta,annual_alpha,baseline_annual_return,baseline_sharpe,baseline_max_drawdown,baseline_information_ratio,annual_return_delta,sharpe_delta,max_drawdown_delta,information_ratio_delta
momentum_3m_equal,AAPL,2018-09-28,2025-12-31,88,0.3312633490435466,0.2297009571451409,1.3694597598554688,2.8733334492924176,-0.18572366547688102,1.7836356405790539,0.18268774389427628,0.16233543032580972,1.1253719753452414,0.9609017543629703,0.18784396085387195,0.34041779836627173,1.3380714175106458,-0.2056512969213642,1.1095787854817165,-0.009154449322725133,0.031388342344822906,0.019927631444483174,0.015793189863524848
momentum_12_1_equal,AAPL,2018-09-28,2025-12-31,88,0.2930995778999441,0.23140503798157497,1.232731265148214,2.611767562116573,-0.20488481532090774,1.430557835342102,0.15338175151641772,0.14106611015467282,1.0873040402704897,1.0872348776041825,0.14187734900315163,0.30318265765590335,1.2092839937585151,-0.20763364403817963,1.0772298287484574,-0.010083079755959234,0.02344727138969893,0.0027488287172718895,0.01007421152203225
ml,AAPL,2018-09-28,2025-12-31,88,0.32130013179598094,0.2184077511398563,1.394934631781538,2.8337349580853557,-0.23285703959763415,1.3798171287892873,0.17278606219822956,0.12056067513057218,1.433187579707024,1.0788304522502639,0.1623900224731007,0.3082573020577686,1.2909004212855009,-0.19862249554466727,1.2458206937952305,0.013042829738212358,0.10403421049603723,-0.034234544052966887,0.1873668859117934
momentum_3m_equal,ABBV,2018-09-28,2025-12-31,88,0.32962196389254883,0.24457993988405854,1.2940571383138055,2.7469116165464023,-0.2056512969213642,1.6028197673783107,0.18462194337904766,0.17279400348451074,1.0684511016355795,1.0228883605550207,0.18160346132318364,0.34041779836627173,1.3380714175106458,-0.2056512969213642,1.1095787854817165,-0.010795834473722898,-0.04401427919684031,0.0,-0.041127683846136964
momentum_12_1_equal,ABBV,2018-09-28,2025-12-31,88,0.3029047107928029,0.2517244164345657,1.1817112456886183,2.512256608531865,-0.21392267916976682,1.4159541754449554,0.16558709999885143,0.1555914997494818,1.0642425856519382,1.1833571959447515,0.14140623285276077,0.30318265765590335,1.2092839937585151,-0.20763364403817963,1.0772298287484574,-0.00027794686310045336,-0.027572748069896846,-0.006289035131587184,-0.012987243096519219
ml,ABBV,2018-09-28,2025-12-31,88,0.2972693489278042,0.23226358342078893,1.2439781427046341,2.4986207980944224,-0.18263192476086731,1.627696523031445,0.1570523474054362,0.12774847948411697,1.2293872149371656,1.156659727067107,0.13639230170701713,0.3082573020577686,1.2909004212855009,-0.19862249554466727,1.2458206937952305,-0.010987953129964367,-0.04692227858086673,0.01599057078379995,-0.0164334788580649
momentum_3m_equal,AMZN,2018-09-28,2025-12-31,88,0.3530574035917975,0.23489146444956166,1.4145488535031543,3.0544778274553486,-0.1959496633146427,1.8017760154294413,0.20038697801852468,0.16592024658186075,1.2077307148869194,0.9824502871210727,0.20270140736715656,0.34041779836627173,1.3380714175106458,-0.2056512969213642,1.1095787854817165,0.012639605225525763,0.07647743599250845,0.009701633606721494,0.0981519294052029
momentum_12_1_equal,AMZN,2018-09-28,2025-12-31,88,0.29302764360585165,0.23703101917475813,1.2075440907438724,2.664370606264082,-0.20763364403817963,1.4112724600256488,0.154346932811197,0.1461063464600389,1.0564012895457073,1.1079677289296181,0.14010831350934588,0.30318265765590335,1.2092839937585151,-0.20763364403817963,1.0772298287484574,-0.010155014050051703,-0.001739903014642774,0.0,-0.020828539202750074
ml,AMZN,2018-09-28,2025-12-31,88,0.29955988569041114,0.21809934242497248,1.3187969110334279,2.663374071344887,-0.21360960103251558,1.4023708870876652,0.1557502653721958,0.13581315725430154,1.1467980608135284,1.0082379638177037,0.15466385527738713,0.3082573020577686,1.2909004212855009,-0.19862249554466727,1.2458206937952305,-0.008697416367357436,0.027896489747927022,-0.014987105487848318,-0.09902263298170211
momentum_3m_equal,COST,2018-09-28,2025-12-31,88,0.33793194692814477,0.23738009756020323,1.3531334265683788,2.910835422899509,-0.192724876877173,1.7534422769070692,0.18932847109449408,0.17074621986388158,1.108829649320648,0.9746068040292859,0.19267728702189024,0.34041779836627173,1.3380714175106458,-0.2056512969213642,1.1095787854817165,-0.0024858514381269625,0.015062009057732917,0.0129264200441912,-0.000749136161068531
momentum_12_1_equal,COST,2018-09-28,2025-12-31,88,0.28059620318579026,0.2457007089261583,1.133338316012395,2.3751879111538368,-0.2263097152289263,1.2398769664039824,0.14658355398114414,0.15329008589846785,0.9562494085771092,1.1434711002507643,0.127662804257678,0.30318265765590335,1.2092839937585151,-0.20763364403817963,1.0772298287484574,-0.022586454470113093,-0.07594567774612004,-0.018676071190746657,-0.12098042017134825
ml,COST,2018-09-28,2025-12-31,88,0.37747115382042384,0.22869362731917228,1.5269359187637221,3.4935694700670767,-0.22129255137109105,1.7057562556067825,0.2173220402297289,0.13267374140758822,1.6380184799499384,1.1055561110249754,0.20340146141632895,0.3082573020577686,1.2909004212855009,-0.19862249554466727,1.2458206937952305,0.06921385176265527,0.23603549747822128,-0.022670055826423785,0.3921977861547079
momentum_3m_equal,CVX,2018-09-28,2025-12-31,88,0.34079401290183897,0.23906083780746584,1.3540220604386533,3.0095305204499896,-0.2056512969213642,1.6571449730859218,0.19181517446197588,0.17247808161389894,1.1121133344430627,0.9782081284733952,0.19468905321832575,0.34041779836627173,1.3380714175106458,-0.2056512969213642,1.1095787854817165,0.00037621453556724305,0.015950642928007408,0.0,0.0025345489613461947
momentum_12_1_equal,CVX,2018-09-28,2025-12-31,88,0.29782207816341555,0.2426160014773633,1.2012212622371314,2.535267124312999,-0.22423692062367828,1.328158080904216,0.1595570258172844,0.1520830740600571,1.049143876157289,1.1236155631187401,0.14325479402560648,0.30318265765590335,1.2092839937585151,-0.20763364403817963,1.0772298287484574,-0.005360579492487805,-0.008062731521383704,-0.01660327658549865,-0.028085952591168306
ml,CVX,2018-09-28,2025-12-31,88,0.3805102478507445,0.2225858679642925,1.5730297583842474,3.7606146108431715,-0.20605944878559268,1.846604220739569,0.2182557203873393,0.13174557161550135,1.6566455912789027,1.0617363178919046,0.21011402901089188,0.3082573020577686,1.2909004212855009,-0.19862249554466727,1.2458206937952305,0.07225294579297592,0.28212933709874655,-0.007436953240925415,0.4108248974836721
momentum_3m_equal,GOOGL,2018-09-28,2025-12-31,88,0.32141072478490207,0.23779703325188795,1.2975333383978669,2.8015214233561525,-0.20549952439628782,1.5640460761606905,0.17667110470015102,0.1717506488392611,1.028648834191566,0.9720606416961549,0.18035570462987438,0.34041779836627173,1.3380714175106458,-0.2056512969213642,1.1095787854817165,-0.01900707358136966,-0.04053807911277896,0.00015177252507636574,-0.08092995129015046
momentum_12_1_equal,GOOGL,2018-09-28,2025-12-31,88,0.2856536660078355,0.24392198194150683,1.1566157350332604,2.422319868999076,-0.21876032668799839,1.3057836872553317,0.15024552871776592,0.15316587221075278,0.9809334582773861,1.1289364240354582,0.1332415899095346,0.30318265765590335,1.2092839937585151,-0.20763364403817963,1.0772298287484574,-0.01752899164806787,-0.05266825872525471,-0.011126682649818753,-0.09629637047107131
ml,GOOGL,2018-09-28,2025-12-31,88,0.37327255466233367,0.23908958579194406,1.4577645093665095,3.1053998323580183,-0.24977599606251222,1.4944292507952348,0.21665783901035554,0.131127304111734,1.6522709780240785,1.1975455213431803,0.1906058371661302,0.3082573020577686,1.2909004212855009,-0.19862249554466727,1.2458206937952305,0.06501525260456509,0.1668640880810086,-0.05115350051784495,0.406450284228848
momentum_3m_equal,HD,2018-09-28,2025-12-31,88,0.3484648800851906,0.2418872114075448,1.365317271345418,2.9677131685103815,-0.2056512969213642,1.6944453319856023,0.1983743137360216,0.17337397596387902,1.144198906630319,0.9965238229339275,0.19883274666186282,0.34041779836627173,1.3380714175106458,-0.2056512969213642,1.1095787854817165,0.00804708171891888,0.027245853834772182,0.0,0.03462012114860258
momentum_12_1_equal,HD,2018-09-28,2025-12-31,88,0.31685385918226405,0.24482745403134418,1.2530704492597677,2.692585423133937,-0.19295816279847255,1.642085800294385,0.17490757409790184,0.1527370278821905,1.1451550192060298,1.1389492030240542,0.15658316527899613,0.30318265765590335,1.2092839937585151,-0.20763364403817963,1.0772298287484574,0.013671201526360699,0.0437864555012526,0.014675481239707078,0.06792519045757239
ml,HD,2018-09-28,2025-12-31,88,0.3218668586600688,0.22640483112683352,1.353447981145577,3.0154130288095002,-0.18699367185164695,1.7212713963680262,0.17454868789393832,0.13506028404612627,1.292376135047412,1.0762265821079529,0.16449604258893288,0.3082573020577686,1.2909004212855009,-0.19862249554466727,1.2458206937952305,0.013609556602300232,0.06254755986007621,0.011628823693020318,0.04655544125218136
momentum_3m_equal,JPM,2018-09-28,2025-12-31,88,0.32218049621967526,0.24204232915666146,1.281504318263871,2.692501938586317,-0.21318780318821962,1.5112520106754324,0.1782998163006272,0.17352752894211365,1.027501615378304,0.9969042460809451,0.1787080796024733,0.34041779836627173,1.3380714175106458,-0.2056512969213642,1.1095787854817165,-0.018237302146596468,-0.05656709924677483,-0.007536506266855425,-0.08207717010341242
momentum_12_1_equal,JPM,2018-09-28,2025-12-31,88,0.2868235671941526,0.24721959929291282,1.148044048924984,2.404187169848615,-0.20763918134044423,1.381355702437865,0.15194051602956804,0.15565950518297855,0.9761081782378864,1.1437618637107427,0.13298142086478748,0.30318265765590335,1.2092839937585151,-0.20763364403817963,1.0772298287484574,-0.01635909046175077,-0.061239944833531235,-5.53730226460214e-06,-0.10112165051057098
ml,JPM,2018-09-28,2025-12-31,88,0.38449398769060594,0.2261589530689392,1.5651798866694475,3.611659675751023,-0.200615938273078,1.916567502065731,0.22210097081744354,0.13307336401878186,1.6690114693883922,1.0835823157510962,0.21107826258651677,0.3082573020577686,1.2909004212855009,-0.19862249554466727,1.2458206937952305,0.07623668563283736,0.27427946538394665,-0.0019934427284107326,0.42319077559316165
momentum_3m_equal,KO,2018-09-28,2025-12-31,88,0.3276364990628664,0.24369930163039916,1.2914579895774498,2.7631606673213205,-0.21657299542375552,1.5128224939669856,0.18284893642874414,0.17478734632439472,1.0461222752898118,1.0032924911960879,0.18241472771507977,0.34041779836627173,1.3380714175106458,-0.2056512969213642,1.1095787854817165,-0.012781299303405325,-0.046613427933196006,-0.01092169850239133,-0.06345651019190468
momentum_12_1_equal,KO,2018-09-28,2025-12-31,88,0.30946770899436626,0.24548578117503944,1.226890661809829,2.630125582790882,-0.19295816279847255,1.6038072943178747,0.16930573881446728,0.15229338751290672,1.1117077476533166,1.146944127129697,0.14992697160703186,0.30318265765590335,1.2092839937585151,-0.20763364403817963,1.0772298287484574,0.00628505133846291,0.017606668051313834,0.014675481239707078,0.034477918904859184
ml,KO,2018-09-28,2025-12-31,88,0.3987593255927617,0.22196094410985537,1.6375012470231334,3.9047509807289185,-0.18050513066584817,2.2091301456186674,0.23158284905404047,0.1250723508204236,1.8515910793628767,1.0867972452335277,0.2201361608298652,0.3082573020577686,1.2909004212855009,-0.19862249554466727,1.2458206937952305,0.09050202353499315,0.3466008257376325,0.018117364878819098,0.6057703855676462
momentum_3m_equal,MA,2018-09-28,2025-12-31,88,0.329747555269726,0.24336683197951134,1.2996560701896092,2.7726470365097895,-0.23383930938443298,1.4101459508145373,0.18441470674870686,0.17531020798776456,1.0519336487329802,0.9972717858117975,0.18477449947181812,0.34041779836627173,1.3380714175106458,-0.2056512969213642,1.1095787854817165,-0.01067024309654574,-0.038415347321036686,-0.02818801246306879,-0.05764513674873628
momentum_12_1_equal,MA,2018-09-28,2025-12-31,88,0.30232346316232594,0.2395651848120612,1.2277523811386202,2.7258628687541844,-0.21684482439604325,1.3941926629070258,0.16224825237464213,0.15360800076528774,1.0562487081812661,1.08980757098058,0.15040456698555674,0.30318265765590335,1.2092839937585151,-0.20763364403817963,1.0772298287484574,-0.0008591944935774087,0.018468387380105034,-0.009211180357863613,-0.020981120567191258
ml,MA,2018-09-28,2025-12-31,88,0.37851444514768606,0.22585810688449534,1.5465891409231942,3.5749578727669764,-0.17222625064531294,2.1977744027372936,0.21743122178075086,0.13030746195230122,1.6686014639771058,1.0939225680077636,0.2050448568643736,0.3082573020577686,1.2909004212855009,-0.19862249554466727,1.2458206937952305,0.07025714308991748,0.25568871963769335,0.026396244899354326,0.4227807701818753
momentum_3m_equal,META,2018-09-28,2025-12-31,88,0.30702233909324295,0.23429191176922504,1.2664320074347637,2.628325675979568,-0.21613907382531639,1.4204851240427652,0.16483630243134847,0.16558927121348826,0.9954527924628098,0.9794559026689802,0.16754562663124203,0.34041779836627173,1.3380714175106458,-0.2056512969213642,1.1095787854817165,-0.03339545927302878,-0.07163941007588215,-0.010487776903952195,-0.11412599301890669
momentum_12_1_equal,META,2018-09-28,2025-12-31,88,0.2807887106862381,0.2410979446292639,1.1512575623150134,2.4172407841573285,-0.20763364403817952,1.3523276152423878,0.14568735829676674,0.14993817625771608,0.9716495287121341,1.1221059587194755,0.1295842108291792,0.30318265765590335,1.2092839937585151,-0.20763364403817963,1.0772298287484574,-0.022393946969665235,-0.058026431443501725,1.1102230246251565e-16,-0.10558030003632335
ml,META,2018-09-28,2025-12-31,88,0.3147563741111905,0.22896811692337565,1.3174303436929804,2.790678645447514,-0.251889404259637,1.2495816369741097,0.1697710712568176,0.13135980691835858,1.2924126126519961,1.113802969196203,0.15476290937484152,0.3082573020577686,1.2909004212855009,-0.19862249554466727,1.2458206937952305,0.006499072053421928,0.026529922407479534,-0.05326690871496975,0.04659191885676561
momentum_3m_equal,MSFT,2018-09-28,2025-12-31,88,0.33408514429233405,0.238141605424247,1.3376385119209688,2.796905673041,-0.21366772030516046,1.5635733081964525,0.18666890898988062,0.1692471330732407,1.1029369041607382,0.989821303867334,0.18801125990027837,0.34041779836627173,1.3380714175106458,-0.2056512969213642,1.1095787854817165,-0.006332654073937682,-0.00043290558967701287,-0.008016423383796267,-0.006641881320978316
momentum_12_1_equal,MSFT,2018-09-28,2025-12-31,88,0.2727795239656541,0.2403427278389757,1.1274202866277132,2.4012241286272675,-0.2249902513806945,1.2124059699995524,0.1390887933928248,0.1506500479767755,0.9232575446259862,1.1120261879590987,0.12431495070852575,0.30318265765590335,1.2092839937585151,-0.20763364403817963,1.0772298287484574,-0.030403133690249273,-0.08186370713080193,-0.017356607342514874,-0.15397228412247121
ml,MSFT,2018-09-28,2025-12-31,88,0.37399296737481635,0.2398199511911276,1.4557606348268253,3.259169599466622,-0.21399705180994477,1.7476547653888581,0.21724197067385437,0.14284675936922234,1.5208043334909644,1.1476146218981562,0.19777477963971984,0.3082573020577686,1.2909004212855009,-0.19862249554466727,1.2458206937952305,0.06573566531704778,0.1648602135413244,-0.015374556265277506,0.2749836396957339
momentum_3m_equal,NVDA,2018-09-28,2025-12-31,88,0.27080909222904426,0.21752673325739597,1.2153970818046316,2.5514226593120304,-0.18596802450767858,1.4562132008767057,0.13250288309925376,0.14931884755563046,0.8873821708936527,0.9366788434778947,0.14085358057533873,0.34041779836627173,1.3380714175106458,-0.2056512969213642,1.1095787854817165,-0.06960870613722747,-0.12267433570601427,0.019683272413685615,-0.22219661458806383
momentum_12_1_equal,NVDA,2018-09-28,2025-12-31,88,0.21638886155560244,0.22422268944588258,0.9876585148847612,1.971349305244449,-0.18002056037237646,1.2020230417458837,0.08957697474530767,0.1363593040075982,0.6569186855069036,1.052912286186567,0.0825989832021842,0.30318265765590335,1.2092839937585151,-0.20763364403817963,1.0772298287484574,-0.08679379610030091,-0.22162547887375394,0.027613083665803173,-0.42031114324155383
ml,NVDA,2018-09-28,2025-12-31,88,0.20554850008486003,0.22598356217299037,0.94200711829599,1.7684148248361595,-0.18406679372161427,1.1167060387640317,0.08099965046856165,0.12816146905086767,0.6320125000784178,1.1045919722200916,0.06720622080920044,0.3082573020577686,1.2909004212855009,-0.19862249554466727,1.2458206937952305,-0.10270880197290855,-0.3488933029895108,0.014555701823052991,-0.6138081937168127
momentum_3m_equal,PEP,2018-09-28,2025-12-31,88,0.3377533681003495,0.24184672224058282,1.3316685634185152,2.8845508368734163,-0.21255760553473857,1.5889968615832475,0.19018120345731393,0.1758327420571346,1.0816028984835881,0.9811974462224391,0.19266085555146692,0.34041779836627173,1.3380714175106458,-0.2056512969213642,1.1095787854817165,-0.002664430265922224,-0.006402854092130594,-0.006906308613374379,-0.027975886998128363
momentum_12_1_equal,PEP,2018-09-28,2025-12-31,88,0.30608974313979154,0.2455969038030457,1.2156626961371848,2.6040669403269203,-0.20763364403817974,1.4741818194141392,0.1666845205238756,0.15224699081571705,1.094829655619493,1.1481430781122757,0.14714763749079707,0.30318265765590335,1.2092839937585151,-0.20763364403817963,1.0772298287484574,0.0029070854838881832,0.006378702378669665,-1.1102230246251565e-16,0.017599826871035562
ml,PEP,2018-09-28,2025-12-31,88,0.36845824650011005,0.23079520329123507,1.4855237320455101,3.502089200481006,-0.24784568488630965,1.486643782679239,0.21097327801511798,0.1351577983492683,1.5609404754428666,1.1107976664442152,0.19636145087312948,0.3082573020577686,1.2909004212855009,-0.19862249554466727,1.2458206937952305,0.060200944442341475,0.19462331076000927,-0.04922318934164238,0.3151197816476361
momentum_3m_equal,PG,2018-09-28,2025-12-31,88,0.327560128895505,0.24295968628364836,1.294392719614269,2.779547428843392,-0.23079860869193514,1.4192465489803927,0.18260677536904146,0.1757961257956281,1.0387417500959668,0.9908387381660786,0.18381494859701425,0.34041779836627173,1.3380714175106458,-0.2056512969213642,1.1095787854817165,-0.01285766947076672,-0.043678697896376795,-0.025147311770570946,-0.0708370353857497
momentum_12_1_equal,PG,2018-09-28,2025-12-31,88,0.303251183052929,0.24531278878599397,1.207731939435687,2.5821390437571603,-0.20763364403817963,1.4605108168171783,0.1643936164526058,0.15355730722888417,1.0705685025302611,1.138715960640508,0.14609996728324803,0.30318265765590335,1.2092839937585151,-0.20763364403817963,1.0772298287484574,6.852539702562055e-05,-0.0015520543228282335,0.0,-0.006661326218196262
ml,PG,2018-09-28,2025-12-31,88,0.31027141669064884,0.21649043068467413,1.3656417321165262,2.8387164765369715,-0.2331214782092823,1.3309430734310375,0.1637698930305914,0.12948448840955423,1.2647838752128655,1.0253367746671238,0.1604285178585978,0.3082573020577686,1.2909004212855009,-0.19862249554466727,1.2458206937952305,0.0020141146328802595,0.07474131083102531,-0.03449898266461504,0.018963181417634978
momentum_3m_equal,TSLA,2018-09-28,2025-12-31,88,0.26236670136264273,0.1975769060189082,1.2872507585112123,2.3971857323601746,-0.19720158423932377,1.3304492576704383,0.12245254842085838,0.1386808494496553,0.882980951636814,0.8456231301690986,0.14281153439125444,0.34041779836627173,1.3380714175106458,-0.2056512969213642,1.1095787854817165,-0.078051097003629,-0.050820658999433554,0.008449712682040422,-0.2265978338449025
momentum_12_1_equal,TSLA,2018-09-28,2025-12-31,88,0.23730227331686815,0.1951568062720712,1.196159622705639,2.225982788329167,-0.19295816279847255,1.229812047727201,0.1015602180425585,0.1142601397864741,0.8888508121235554,0.9368365750831842,0.10989011411528096,0.30318265765590335,1.2092839937585151,-0.20763364403817963,1.0772298287484574,-0.0658803843390352,-0.013124371052876116,0.014675481239707078,-0.18837901662490197
ml,TSLA,2018-09-28,2025-12-31,88,0.25597549788180984,0.184207257284169,1.3391548977358672,2.51828003716115,-0.18135498475142764,1.41146105375962,0.11480357707430619,0.096609561091984,1.1883252110523437,0.929299192033374,0.12412749171945263,0.3082573020577686,1.2909004212855009,-0.19862249554466727,1.2458206937952305,-0.052281804175958735,0.04825447645036629,0.017267510793239627,-0.05749548274288685
momentum_3m_equal,UNH,2018-09-28,2025-12-31,88,0.3440351132977175,0.2454352645629302,1.3352231705958777,2.8781469278848384,-0.19291037840880654,1.7833934915033685,0.19583237840947393,0.1775430051915814,1.103013763894314,1.001167142656873,0.1956784574172764,0.34041779836627173,1.3380714175106458,-0.2056512969213642,1.1095787854817165,0.003617314931445792,-0.002848246914768149,0.012740918512557653,-0.006565021587402464
momentum_12_1_equal,UNH,2018-09-28,2025-12-31,88,0.3120961944250795,0.24536175858886183,1.2358829640453914,2.6295851209163548,-0.21418719215737514,1.4571188467504874,0.17135994375191263,0.15126433401951672,1.1328509450866526,1.1513333123316178,0.15140233749918983,0.30318265765590335,1.2092839937585151,-0.20763364403817963,1.0772298287484574,0.008913536769176167,0.0265989702868763,-0.006553548119195507,0.05562111633819522
ml,UNH,2018-09-28,2025-12-31,88,0.3678148104288681,0.24355221958445064,1.4185980612870916,2.9852637402938145,-0.22360793219600583,1.644909493221628,0.21362423280839013,0.13305537401444606,1.6055287837167445,1.2262451159737375,0.18378737222801084,0.3082573020577686,1.2909004212855009,-0.19862249554466727,1.2458206937952305,0.05955750837109952,0.12769764000159078,-0.024985436651338566,0.35970808992151393
momentum_3m_equal,V,2018-09-28,2025-12-31,88,0.3250966976652907,0.24401910379143713,1.2821826603490036,2.7097348809116744,-0.21652255397786158,1.5014449612419145,0.18099858995900475,0.17386374187022807,1.0410370098562707,1.0116343390302027,0.17946427108500387,0.34041779836627173,1.3380714175106458,-0.2056512969213642,1.1095787854817165,-0.015321100700981027,-0.05588875716164221,-0.010871257056497385,-0.06854177562544583
momentum_12_1_equal,V,2018-09-28,2025-12-31,88,0.2936360147554482,0.2450727522512727,1.1777424894773714,2.515581827410611,-0.23253309515286735,1.2627708523056116,0.1567541196232053,0.15406855598027405,1.0174309652339122,1.1339169539355407,0.13909335613345283,0.30318265765590335,1.2092839937585151,-0.20763364403817963,1.0772298287484574,-0.009546642900455149,-0.03154150428114377,-0.02489945111468772,-0.05979886351454522
ml,V,2018-09-28,2025-12-31,88,0.35913175190322266,0.2118484410940046,1.5668910621170908,3.6532005854320526,-0.17963488776097747,1.9992316435829773,0.20006495515735506,0.12665703880807638,1.5795802352565167,1.0032754464630331,0.1996329942770709,0.3082573020577686,1.2909004212855009,-0.19862249554466727,1.2458206937952305,0.050874449845454084,0.27599064083159,0.018987607783689797,0.33375954146128617
momentum_3m_equal,WMT,2018-09-28,2025-12-31,88,0.3389944932144118,0.24450175220751658,1.3241374524342846,2.7670091085155226,-0.2157668536793491,1.5711147816901994,0.1918754535675,0.17567307684651035,1.0922302780359794,1.0047120988169118,0.19125402916752537,0.34041779836627173,1.3380714175106458,-0.2056512969213642,1.1095787854817165,-0.0014233051518599549,-0.013933965076361243,-0.010115556757984923,-0.017348507445737127
momentum_12_1_equal,WMT,2018-09-28,2025-12-31,88,0.2920450154645604,0.24547660821470035,1.1711539398475856,2.4761558663970726,-0.20763364403817963,1.4065399507743515,0.1556124231347888,0.15254562986966952,1.0201041043767654,1.1455235916421587,0.13642099397930976,0.30318265765590335,1.2092839937585151,-0.20763364403817963,1.0772298287484574,-0.011137642191342945,-0.038130053910929496,0.0,-0.057125724371692055
ml,WMT,2018-09-28,2025-12-31,88,0.3550791291947024,0.23354540304894325,1.4268592014769035,3.459592111409359,-0.17148667776770654,2.0705930852289742,0.20135793358673704,0.1346301863595966,1.4956373383374137,1.1355685073549417,0.18347936575277307,0.3082573020577686,1.2909004212855009,-0.19862249554466727,1.2458206937952305,0.046821827136933836,0.13595878019140262,0.027135817776960725,0.24981664454218322
momentum_3m_equal,XOM,2018-09-28,2025-12-31,88,0.3289561732467847,0.24082730115529954,1.3080953092544025,2.8793119988392233,-0.2056512969213642,1.599582293772595,0.183146589265365,0.17372519637520772,1.054231585784535,0.9854672651396572,0.18506314415767033,0.34041779836627173,1.3380714175106458,-0.2056512969213642,1.1095787854817165,-0.011461625119487007,-0.029976108256243306,0.0,-0.05534719969718149
momentum_12_1_equal,XOM,2018-09-28,2025-12-31,88,0.2724405589090464,0.2479431238018656,1.0999078501723092,2.1840685168844414,-0.30321798331504735,0.8984973646037913,0.140836114549637,0.15437821319380945,0.9122797293477451,1.1569470170642118,0.12013818148488581,0.30318265765590335,1.2092839937585151,-0.20763364403817963,1.0772298287484574,-0.03074209874685696,-0.10937614358620595,-0.09558433927686771,-0.16495009940071226
ml,XOM,2018-09-28,2025-12-31,88,0.3234676667634482,0.22526428600357865,1.3659462232095978,2.8828688400043947,-0.24744397891383751,1.307235957744128,0.17582042697431519,0.1266595490683204,1.3881340038521477,1.105606785611452,0.16189316527379455,0.3082573020577686,1.2909004212855009,-0.19862249554466727,1.2458206937952305,0.015210364705679602,0.07504580192409693,-0.04882148336917025,0.14231331005691716
