date,rank_ic,top_n_hit_rate,top_n_spread,rolling_12m_mean_rank_ic,rolling_12m_positive_ic_fraction,rolling_12m_top_n_hit_rate,rolling_12m_top_n_spread
2018-08-31,-0.4526315789473684,0.0,-0.016964413104337495,,,,
2018-09-28,0.025573525689680972,0.4,-0.011176208882677188,,,,
2018-10-31,-0.04661654135338346,0.6,-0.029705401290777055,,,,
2018-11-30,-0.10075187969924812,0.6,-0.01542544972169016,,,,
2018-12-31,0.02858217577081991,0.0,0.009431054888771398,,,,
2019-01-31,0.010526315789473682,0.2,-0.023817907298614997,,,,
2019-02-28,0.3383458646616541,0.8,0.015431999917217061,,,,
2019-03-29,-0.20300751879699244,0.4,-0.019897819800866263,,,,
2019-04-30,-0.20601503759398496,0.2,-0.030545659404035558,,,,
2019-05-31,0.09473684210526315,0.6,0.01656628639439553,,,,
2019-06-28,-0.13984962406015036,0.6,-0.006993377393822841,,,,
2019-07-31,-0.04661654135338346,0.8,0.0029731693325996066,-0.05814366648230162,0.4166666666666667,0.43333333333333335,-0.009176977196986498
2019-08-30,-0.0631578947368421,0.8,0.009304752146565357,-0.025687526131424426,0.4166666666666667,0.5,-0.0069878800927445925
2019-09-30,-0.4601503759398496,0.6,-0.018066682092039967,-0.0661645179338853,0.3333333333333333,0.5166666666666666,-0.007562086193524824
2019-10-31,0.5503759398496241,0.8,0.02120800095759858,-0.016415144500301338,0.4166666666666667,0.5333333333333333,-0.0033193026728268542
2019-11-29,0.1609022556390977,0.4,0.03543410935039822,0.005389366777894147,0.5,0.5166666666666667,0.0009189939165138444
2019-12-31,-0.05714285714285714,0.4,0.05606136203070007,-0.001754385964912274,0.4166666666666667,0.55,0.0048048528450079005
2020-01-31,0.13533834586466165,0.8,0.029002928415729885,0.00864661654135339,0.4166666666666667,0.6,0.009206589154536642
2020-02-28,0.2857142857142857,0.8,0.03794738823269665,0.004260651629072687,0.4166666666666667,0.6000000000000001,0.01108287151415994
2020-03-31,0.0,0.2,0.006692359809172155,0.02117794486215539,0.4166666666666667,0.5833333333333334,0.013298719814996475
2020-04-30,-0.17142857142857143,0.4,-0.02223993598401785,0.02406015037593985,0.4166666666666667,0.6,0.013990863433331285
2020-05-29,0.35488721804511275,0.4,0.004966023046956022,0.04573934837092732,0.4166666666666667,0.5833333333333334,0.013024174821044657
2020-06-30,0.12481203007518797,0.6,0.03873997315521041,0.06779448621553884,0.5,0.5833333333333334,0.01683528736679743
2020-07-31,0.12932330827067667,0.8,0.1465857175785172,0.08245614035087719,0.5833333333333334,0.5833333333333334,0.028802999720623893
2020-08-31,-0.19097744360902258,0.4,-0.01154466123708188,0.07180451127819548,0.5833333333333334,0.55,0.02706554860531996
2020-09-30,-0.33684210526315783,0.2,-0.018195172620869185,0.08208020050125314,0.5833333333333334,0.5166666666666667,0.02705484106125085
2020-10-30,0.3578947368421052,0.8,0.09086977985473371,0.06604010025062655,0.5833333333333334,0.5166666666666667,0.032859989302678784
2020-11-30,0.3413533834586466,0.8,0.04757194235924621,0.08107769423558897,0.5833333333333334,0.55,0.03387147538674945
2020-12-31,0.28721804511278193,0.8,0.05025894622372936,0.10977443609022557,0.6666666666666666,0.5833333333333334,0.033387940736168555
2021-01-29,-0.3037593984962406,0.4,-0.009378863011045468,0.0731829573934837,0.5833333333333334,0.55,0.03018945811727061
2021-02-26,0.23609022556390977,0.6,0.03831425336435948,0.06904761904761904,0.5833333333333334,0.5333333333333333,0.03022003021157585
2021-03-31,0.19248120300751878,0.6,-0.002941964643531282,0.0850877192982456,0.6666666666666666,0.5666666666666668,0.02941716984051723
2021-04-30,0.18796992481203004,0.6,-0.020747749323010878,0.11503759398496238,0.75,0.5833333333333334,0.02954151872893447
2021-05-28,-0.1639097744360902,0.6,0.02013931311717642,0.07180451127819547,0.6666666666666666,0.6,0.030805959568119507
2021-06-30,0.003007518796992481,0.6,0.009904272515452686,0.06165413533834585,0.6666666666666666,0.6,0.028402984514806367
2021-07-30,0.11127819548872178,0.8,0.03938405144704784,0.0601503759398496,0.6666666666666666,0.6,0.019469512337183918
2021-08-31,-0.306766917293233,0.2,-0.01680506514889715,0.05050125313283207,0.6666666666666666,0.5833333333333334,0.019031145344532645
2021-09-30,-0.08571428571428572,0.6,-0.012539188656523662,0.07142857142857141,0.6666666666666666,0.6166666666666667,0.01950247734156144
2021-10-29,-0.05864661654135337,0.6,0.02912533346264692,0.03671679197994986,0.5833333333333334,0.6,0.01435710680888754
2021-11-30,-0.013533834586466165,0.4,-0.021403526774884416,0.007142857142857136,0.5,0.5666666666666668,0.008609151047709988
2021-12-31,0.3533834586466165,0.6,0.02182019638503676,0.012656641604010019,0.5,0.5499999999999999,0.006239255227818937
2022-01-31,0.20150375939849624,0.6,0.016602785444009085,0.054761904761904755,0.5833333333333334,0.5666666666666667,0.008404392599073484
2022-02-28,0.2721804511278195,0.4,0.015554823698739596,0.05776942355889723,0.5833333333333334,0.5499999999999999,0.006507773460271826
2022-03-31,-0.1639097744360902,0.4,-0.06307310696445187,0.028070175438596495,0.5,0.5333333333333333,0.0014968449335284438
2022-04-29,-0.19849624060150375,0.4,-0.011681743473974448,-0.004135338345864661,0.4166666666666667,0.5166666666666667,0.0022523454209481468
2022-05-31,0.3383458646616541,0.8,0.023966081361268224,0.037719298245614034,0.5,0.5333333333333333,0.002571242774622464
2022-06-30,0.12932330827067667,0.6,0.030961274794704993,0.048245614035087724,0.5,0.5333333333333333,0.0043259929645601556
2022-07-29,-0.09172932330827067,0.8,0.01931032246186611,0.03132832080200501,0.4166666666666667,0.5333333333333333,0.002653182215795012
2022-08-31,0.1744360902255639,0.6,0.011208994784438792,0.07142857142857141,0.5,0.5666666666666667,0.004987687210239674
2022-09-30,0.13233082706766916,0.4,0.004392070700433043,0.08959899749373433,0.5833333333333334,0.5499999999999999,0.006398625489986066
2022-10-31,-0.39097744360902253,0.4,-0.062474857561488045,0.061904761904761886,0.5833333333333334,0.5333333333333333,-0.0012347237620251815
2022-11-30,-0.25864661654135335,0.6,-0.004417526168590924,0.04147869674185462,0.5833333333333334,0.5499999999999999,0.00018077628849927623
2022-12-30,-0.037593984962406006,0.4,-0.02454754921196673,0.008897243107769418,0.5,0.5333333333333333,-0.003683202511251015
2023-01-31,-0.20902255639097742,0.2,-0.04915344293482458,-0.025313283208020055,0.4166666666666667,0.5,-0.009162888209487153
2023-02-28,0.2571428571428572,0.6,0.042358584630692975,-0.02656641604010025,0.4166666666666667,0.5166666666666667,-0.006929241465157704
2023-03-31,0.13533834586466165,0.6,0.006547556240870812,-0.0016290726817042602,0.5,0.5333333333333333,-0.0011275195313808141
2023-04-28,0.23458646616541348,0.6,0.03212630690988644,0.034461152882205505,0.5833333333333334,0.5499999999999999,0.002523151333940926
2023-05-31,0.09473684210526315,0.4,-0.006285250377625513,0.014160401002506262,0.5833333333333334,0.5166666666666667,2.2070223664481226e-06
2023-06-30,0.35037593984962395,0.8,0.04171735213218447,0.032581453634085204,0.5833333333333334,0.5333333333333333,0.0008985468004897379
2023-07-31,-0.09022556390977443,0.4,-0.0076897031118133286,0.03270676691729322,0.5833333333333334,0.5,-0.0013514553306502152
2023-08-31,-0.22406015037593985,0.6,-0.013064738953980734,-0.0005012531328320904,0.5,0.5,-0.003374266475518509
2023-09-29,0.11428571428571428,0.2,-0.018338823824371325,-0.0020050125313283303,0.5,0.48333333333333334,-0.005268507685918873
2023-10-31,-0.13383458646616542,0.4,-0.011976498468119018,0.019423558897243096,0.5,0.48333333333333334,-0.0010603110948047875
2023-11-30,-0.18496240601503755,0.2,-0.015315083741121449,0.02556390977443608,0.5,0.45,-0.0019684408925156644
2023-12-29,0.37293233082706767,1.0,0.009132337820426925,0.059774436090225556,0.5833333333333334,0.5,0.0008382163601838069
2024-01-31,0.5849624060150376,0.8,0.09475346920042634,0.12593984962406013,0.6666666666666666,0.55,0.012830459038121383
2024-02-29,-0.05714285714285714,0.4,0.003074292608161871,0.09974937343358396,0.5833333333333334,0.5333333333333333,0.009556768036243791
2024-03-28,0.021052631578947364,0.8,0.02150611090139248,0.09022556390977442,0.5833333333333334,0.55,0.01080331425795393
2024-04-30,0.33320799648613736,0.4,0.009428338868749248,0.09844402476983476,0.5833333333333334,0.5333333333333333,0.008911816921192499
2024-05-31,-0.015037593984962403,0.6,0.010688378672521107,0.08929615509564927,0.5,0.55,0.010326286008704715
2024-06-28,-0.14736842105263157,0.6,-0.013830239975738845,0.04781745835379465,0.4166666666666667,0.5333333333333333,0.005697319999711105
2024-07-31,-0.04962406015037594,0.6,-0.013732186157827042,0.05120091700041119,0.4166666666666667,0.5499999999999999,0.0051937797458766295
2024-08-30,0.33533834586466166,0.6,0.011935606591976611,0.09781745835379464,0.5,0.55,0.007277141874706408
2024-09-30,-0.019548872180451125,0.4,-0.014025160525940212,0.08666457614828087,0.4166666666666667,0.5666666666666668,0.007636613816242335
2024-10-31,0.1533834586466165,0.8,0.059756154470757966,0.11059941324101269,0.5,0.6,0.013614334894482083
2024-11-29,-0.06466165413533834,0.4,0.011868379888123453,0.1206244758976543,0.5,0.6166666666666666,0.015879623530252494
2024-12-31,0.3684210526315789,0.6,0.006799823514213585,0.12024853604803022,0.5,0.5833333333333334,0.01568524733806805
2025-01-31,-0.20751879699248119,0.6,-0.007970739333774679,0.05420843579740367,0.4166666666666667,0.5666666666666667,0.007124896626884629
2025-02-28,-0.12481203007518797,0.2,-0.036831980467275066,0.04856933805304276,0.4166666666666667,0.55,0.003799373870598217
2025-03-31,-0.12481203007518797,0.2,-0.013935002744196581,0.036413949581864814,0.3333333333333333,0.5,0.0008459477334657959
2025-04-30,0.35037593984962395,0.4,-0.010954081977442368,0.037844611528822035,0.3333333333333333,0.5,-0.0008525873370501721
2025-05-30,0.22406015037593985,0.4,0.017372418298183593,0.05776942355889723,0.4166666666666667,0.48333333333333334,-0.0002955840349116315
2025-06-30,0.3789473684210526,0.8,0.03537587698143967,0.10162907268170424,0.5,0.5,0.003804925711519912
2025-07-31,-0.31879699248120297,0.6,0.0011261042123687087,0.07919799498746866,0.5,0.5000000000000001,0.005043116575702891
2025-08-29,-0.1789473684210526,0.6,0.015253793863379335,0.03634085213032579,0.4166666666666667,0.5,0.005319632181653117
2025-09-30,-0.06616541353383458,0.2,-0.021872178435450418,0.032456140350877176,0.4166666666666667,0.48333333333333334,0.004665714022527267
2025-10-31,0.11729323308270674,0.8,0.025027595859179748,0.029448621553884696,0.4166666666666667,0.48333333333333334,0.0017716674715624158
2025-11-28,0.18045112781954886,0.8,0.023250059515153104,0.04987468671679196,0.5,0.5166666666666667,0.0027201407738148865
