strategy,date,number_nonzero_holdings,maximum_weight,top_2_weight,top_3_weight,hhi,effective_holdings,entropy,turnover,l1_target_weight_change,optimization_status,fallback_indicator
momentum_max_sharpe,2015-05-29,5,0.2,0.4,0.6000000000000001,0.20000000000000004,4.999999999999999,1.6094379124341005,1.0,1.0,fallback_equal:insufficient_history,True
momentum_max_sharpe,2015-06-30,5,0.2,0.4,0.6000000000000001,0.20000000000000004,4.999999999999999,1.6094379124341005,0.21321828245310442,0.4,fallback_equal:insufficient_history,True
momentum_max_sharpe,2015-07-31,5,0.2,0.4,0.6000000000000001,0.20000000000000004,4.999999999999999,1.6094379124341005,0.014782115675941232,0.0,fallback_equal:insufficient_history,True
momentum_max_sharpe,2015-08-31,5,0.2,0.4,0.6000000000000001,0.20000000000000004,4.999999999999999,1.6094379124341005,0.6146471956831198,1.2000000000000002,fallback_equal:insufficient_history,True
momentum_max_sharpe,2015-09-30,5,0.2,0.4,0.6000000000000001,0.20000000000000004,4.999999999999999,1.6094379124341005,0.20241741353802745,0.4,fallback_equal:insufficient_history,True
momentum_max_sharpe,2015-10-30,5,0.2,0.4,0.6000000000000001,0.20000000000000004,4.999999999999999,1.6094379124341005,0.40142569827707414,0.8,fallback_equal:insufficient_history,True
momentum_max_sharpe,2015-11-30,5,0.2,0.4,0.6000000000000001,0.20000000000000004,4.999999999999999,1.6094379124341005,0.21008488641027379,0.4,fallback_equal:insufficient_history,True
momentum_max_sharpe,2015-12-31,5,0.2,0.4,0.6000000000000001,0.20000000000000004,4.999999999999999,1.6094379124341005,0.2073481059556681,0.4,fallback_equal:insufficient_history,True
momentum_max_sharpe,2016-01-29,4,0.4,0.79691,0.9355500000000001,0.3409124002000001,2.9333048589999624,1.1839277750309583,0.3938540240438737,0.79382,optimized,False
momentum_max_sharpe,2016-02-29,3,0.4,0.7752800000000001,1.0,0.3513341568000001,2.846293139010843,1.0698062999275282,0.5483570125151513,1.12054,optimized,False
momentum_max_sharpe,2016-03-31,3,0.4,0.8,1.0,0.3600000000000001,2.7777777777777772,1.0549201679861442,0.6163427474878572,1.2,optimized,False
momentum_max_sharpe,2016-04-29,3,0.4,0.8,1.0,0.3600000000000001,2.7777777777777772,1.0549201679861442,0.3999999999999999,0.7999999999999999,optimized,False
momentum_max_sharpe,2016-05-31,3,0.4,0.8,1.0,0.3600000000000001,2.7777777777777772,1.0549201679861442,0.6,1.2000000000000002,optimized,False
momentum_max_sharpe,2016-06-30,4,0.4,0.8,0.9468300000000001,0.34438609780000007,2.9037176773051487,1.1707376328477561,0.6,1.2000000000000002,optimized,False
momentum_max_sharpe,2016-07-29,4,0.3999960000399996,0.7927620723792761,0.932560674393256,0.33835369939217674,2.9554871183510447,1.1904856988334278,0.20723792762072385,0.4144758552414479,optimized,False
momentum_max_sharpe,2016-08-31,3,0.4,0.8,1.0,0.3600000000000001,2.7777777777777772,1.0549201679861442,0.39999999999999997,0.8000079999200009,optimized,False
momentum_max_sharpe,2016-09-30,3,0.4,0.8,1.0,0.3600000000000001,2.7777777777777772,1.0549201679861442,0.6000000000000001,1.2000000000000002,optimized,False
momentum_max_sharpe,2016-10-31,4,0.4,0.78112,0.9664900000000001,0.3407374114,2.934811284417711,1.1603801251990369,0.6000000000000001,1.2000000000000002,optimized,False
momentum_max_sharpe,2016-11-30,3,0.4,0.74489,1.0,0.34403022420000007,2.906721356605737,1.082157641883457,0.5645865698861193,1.1329800000000003,optimized,False
momentum_max_sharpe,2016-12-30,3,0.4,0.8,1.0,0.3600000000000001,2.7777777777777772,1.0549201679861442,0.6000000000000001,1.2000000000000002,optimized,False
momentum_max_sharpe,2017-01-31,3,0.4,0.7636900000000001,1.0,0.3481128322000001,2.87263182365387,1.0752751406169458,0.040648794250052064,0.07262000000000007,optimized,False
momentum_max_sharpe,2017-02-28,3,0.4,0.8,1.0,0.3600000000000001,2.7777777777777772,1.0549201679861442,0.23202447294220813,0.4726200000000002,optimized,False
momentum_max_sharpe,2017-03-31,5,0.3999960000399996,0.7011329886701132,0.883651163488365,0.2929561833470374,3.4134797517326847,1.349274928349343,1.0,2.0,optimized,False
momentum_max_sharpe,2017-04-28,3,0.4,0.8,1.0,0.3600000000000001,2.7777777777777772,1.0549201679861442,0.41296429177339705,0.8349716502834972,optimized,False
momentum_max_sharpe,2017-05-31,5,0.4,0.62544,0.80825,0.2701531390000001,3.701604222337019,1.420104635171203,0.45402946383543885,0.8855600000000001,optimized,False
momentum_max_sharpe,2017-06-30,5,0.4,0.6502135021350214,0.8046660466604667,0.269598247037981,3.7092229307378246,1.434470418911916,0.8211851587674068,1.6455151457514576,optimized,False
momentum_max_sharpe,2017-07-31,5,0.4,0.6907539075390754,0.7970059700597006,0.27647340574046747,3.616984415993794,1.4280729431039982,0.5460417088532641,1.1007450074500744,optimized,False
momentum_max_sharpe,2017-08-31,4,0.3997,0.67425,0.89719,0.2954099322,3.385126534347446,1.289910368295522,0.37837292768150943,0.7547200000000003,optimized,False
momentum_max_sharpe,2017-09-29,5,0.4,0.6496234962349624,0.8235762357623577,0.2823608734892338,3.5415671712679035,1.3418673992749086,0.32608591732030356,0.6470745209452096,optimized,False
momentum_max_sharpe,2017-10-31,5,0.29307,0.5686,0.8155600000000001,0.24969772200000004,4.004842302886527,1.4392261746614599,0.8110692037358394,1.623377922579226,optimized,False
momentum_max_sharpe,2017-11-30,5,0.3999960000399996,0.6782732172678273,0.8504214957850422,0.27830670313810657,3.593158155101141,1.4128849832690011,0.4607544821916807,0.9292015955840442,optimized,False
momentum_max_sharpe,2017-12-29,5,0.32284,0.64343,0.78653,0.25027962060000003,3.99553106882087,1.4854747882863861,0.57529,1.1505800000000002,optimized,False
momentum_max_sharpe,2018-01-31,5,0.4,0.6279632796327963,0.8319663196631966,0.28181947886139536,3.5483707657121197,1.3275798786208912,0.4139316968996102,0.8494200000000001,optimized,False
momentum_max_sharpe,2018-02-28,4,0.32910000000000006,0.5849600000000001,0.8208500000000002,0.2615099642000001,3.823946070503112,1.3632999787014002,0.2595913148807972,0.5498080800808008,optimized,False
momentum_max_sharpe,2018-03-29,4,0.37846,0.66742,0.83647,0.28204981660000006,3.545472966636206,1.3230730671465232,0.5443239886796445,1.1699200000000003,optimized,False
momentum_max_sharpe,2018-04-30,3,0.4,0.79373,1.0,0.3575706258000001,2.7966503058316925,1.0591195298865184,0.339646051176309,0.7569200000000001,optimized,False
momentum_max_sharpe,2018-05-31,4,0.4,0.75778,0.9964900000000001,0.34500131260000005,2.89853969674433,1.09604829786714,0.24795832865138237,0.48444000000000037,optimized,False
momentum_max_sharpe,2018-06-29,3,0.4,0.7586700000000001,1.0,0.34688433780000005,2.8828052783880973,1.0773517975521925,0.012931821277230762,0.007020000000000235,optimized,False
momentum_max_sharpe,2018-07-31,3,0.4,0.7912300000000001,1.0000000000000002,0.35664582580000004,2.8039021563111755,1.0607126854279043,0.23785167035740976,0.48266000000000014,optimized,False
momentum_max_sharpe,2018-08-31,4,0.4,0.8,0.9048600000000001,0.3400472392000001,2.940767883758192,1.1933133150292576,0.6020796568001677,1.2175400000000003,optimized,False
momentum_max_sharpe,2018-09-28,4,0.4,0.8,0.9241700000000002,0.3411683778000001,2.9311040092532274,1.1876494633481187,0.4956512162494262,1.0097200000000004,optimized,False
momentum_max_sharpe,2018-10-31,4,0.39999600003999963,0.7557824421755783,0.9922900770992291,0.34257609674380757,2.9190594717641405,1.1126965180007125,0.4780073261223621,0.9516679999200011,optimized,False
momentum_max_sharpe,2018-11-30,4,0.4,0.8,0.9152100000000001,0.34046268820000003,2.937179416889771,1.1912271595010193,0.7401386370664473,1.5269847301526989,optimized,False
momentum_max_sharpe,2018-12-31,4,0.4,0.8,0.9833400000000001,0.35389111120000005,2.8257279382042864,1.1122713771741692,0.903423158948877,1.8304200000000002,optimized,False
momentum_max_sharpe,2019-01-31,3,0.4,0.8,1.0000000000000002,0.3600000000000001,2.7777777777777772,1.0549201679861442,0.389918371584381,0.8000000000000002,optimized,False
momentum_max_sharpe,2019-02-28,3,0.4,0.8,1.0,0.3600000000000001,2.7777777777777772,1.0549201679861442,0.6,1.2000000000000006,optimized,False
momentum_max_sharpe,2019-03-29,3,0.4,0.8,1.0,0.3600000000000001,2.7777777777777772,1.0549201679861442,0.201452988546992,0.40000000000000013,optimized,False
momentum_max_sharpe,2019-04-30,3,0.4,0.8,1.0,0.3600000000000001,2.7777777777777772,1.0549201679861442,0.6017909612147399,1.2000000000000004,optimized,False
momentum_max_sharpe,2019-05-31,3,0.4,0.8,1.0,0.3600000000000001,2.7777777777777772,1.0549201679861442,0.6,1.2000000000000002,optimized,False
momentum_max_sharpe,2019-06-28,3,0.4,0.74907,1.0,0.3448157298,2.9000997158105863,1.0808375814579527,0.65093,1.30186,optimized,False
momentum_max_sharpe,2019-07-31,3,0.4,0.8,1.0,0.3600000000000001,2.7777777777777772,1.0549201679861442,0.7999999999999998,1.6,optimized,False
momentum_max_sharpe,2019-08-30,5,0.3999960000399996,0.6171338286617134,0.8158618413815862,0.2640754857638772,3.786796025792977,1.4558132499739274,0.7828621713782864,1.5657243427565728,optimized,False
momentum_max_sharpe,2019-09-30,3,0.4,0.8,1.0,0.3600000000000001,2.7777777777777772,1.0549201679861442,0.8881066587376831,1.7847621523784765,optimized,False
momentum_max_sharpe,2019-10-31,3,0.4,0.8,1.0,0.3600000000000001,2.7777777777777772,1.0549201679861442,0.4149039602958491,0.8,optimized,False
momentum_max_sharpe,2019-11-29,3,0.4,0.7399100000000001,1.0,0.3431856162000001,2.9138750367009107,1.0835748423582883,0.8014806118550479,1.6,optimized,False
momentum_max_sharpe,2019-12-31,4,0.4,0.8,0.9518800000000001,0.3453830688000001,2.895335904780749,1.165274277888684,0.5959706347680699,1.22394,optimized,False
momentum_max_sharpe,2020-01-31,4,0.4,0.8,0.9692000000000001,0.3495772800000001,2.860597805440902,1.140837207982859,0.17595479758551275,0.33840000000000003,optimized,False
momentum_max_sharpe,2020-02-28,4,0.4,0.8,0.91608,0.34051713280000007,2.9367097971758787,1.190952680465989,0.6,1.2000000000000002,optimized,False
momentum_max_sharpe,2020-03-31,3,0.4,0.7099600000000001,1.0000000000000002,0.3401984032000001,2.93946118086894,1.088569242571774,0.47213333348937725,0.9678400000000004,optimized,False
momentum_max_sharpe,2020-04-30,4,0.4,0.8,0.98031,0.3528993922000001,2.8336688078886403,1.1192529412441086,0.534446912445677,0.9800800000000001,optimized,False
momentum_max_sharpe,2020-05-29,3,0.4,0.8,1.0,0.3600000000000001,2.7777777777777772,1.0549201679861442,0.6000000000000001,1.2000000000000002,optimized,False
momentum_max_sharpe,2020-06-30,3,0.4,0.8,1.0000000000000002,0.3600000000000001,2.7777777777777772,1.0549201679861442,0.40917377005648187,0.8000000000000003,optimized,False
momentum_max_sharpe,2020-07-31,4,0.4,0.63407,0.8236800000000001,0.28182945940000004,3.5482451058485758,1.327693772600403,0.23406999999999992,0.4681400000000003,optimized,False
momentum_max_sharpe,2020-08-31,4,0.4,0.67376,0.9294100000000001,0.3052844082,3.275634042027044,1.2569907929373838,0.12668951293216446,0.21145999999999995,optimized,False
momentum_max_sharpe,2020-09-30,3,0.4,0.71838,1.0,0.3406756488,2.9353433493776615,1.0877731884747104,0.1630734746603251,0.14117999999999992,optimized,False
momentum_max_sharpe,2020-10-30,4,0.4,0.77492,0.8995700000000001,0.3261888138000001,3.0657090546739028,1.2246983831789622,0.6120303841947516,1.2000000000000002,optimized,False
momentum_max_sharpe,2020-11-30,4,0.4,0.78573,0.9207800000000002,0.33330194380000006,3.0002825324056808,1.2052188841593816,0.023098428115104194,0.04242000000000011,optimized,False
momentum_max_sharpe,2020-12-31,4,0.4,0.8,0.94191,0.3435128962000001,2.91109885847715,1.1754309907502645,0.1390699853638352,0.15844000000000014,optimized,False
momentum_max_sharpe,2021-01-29,3,0.4,0.8,1.0,0.3600000000000001,2.7777777777777772,1.0549201679861442,0.5446674934862392,1.0838200000000002,optimized,False
momentum_max_sharpe,2021-02-26,4,0.4,0.8,0.9834500000000002,0.3539278050000001,2.825434978187147,1.112007163746083,0.22975678933367044,0.40000000000000013,optimized,False
momentum_max_sharpe,2021-03-31,4,0.4,0.8,0.9790300000000001,0.3524914818000001,2.8369479877740402,1.1220423010044123,0.4568790851901581,0.80884,optimized,False
momentum_max_sharpe,2021-04-30,3,0.4,0.77556,1.0,0.3514186272000001,2.8456089763018677,1.0696624321616164,0.4411370784862072,0.8908200000000001,optimized,False
momentum_max_sharpe,2021-05-28,4,0.4,0.65605,0.8353,0.2848182550000001,3.511010907640031,1.3205381979565782,0.6034888618415344,1.2488800000000002,optimized,False
momentum_max_sharpe,2021-06-30,4,0.4,0.6245400000000001,0.8441600000000001,0.28293726160000005,3.534352436808909,1.3245193529350094,0.6016075844674561,1.2000000000000002,optimized,False
momentum_max_sharpe,2021-07-30,3,0.36546,0.70384,1.0,0.3357727816,2.9782044727832697,1.0949191195294854,0.4065942994159479,0.8840000000000001,optimized,False
momentum_max_sharpe,2021-08-31,4,0.4,0.8,0.9947100000000001,0.35793996820000007,2.7937645662449375,1.0793555029791466,0.43186905710894835,0.93382,optimized,False
momentum_max_sharpe,2021-09-30,4,0.4,0.8,0.9078300000000001,0.3401226178000001,2.9401161453720874,1.1929358870932198,0.11430681760827949,0.20508000000000004,optimized,False
momentum_max_sharpe,2021-10-29,4,0.37964,0.7477,0.97935,0.3336828382,2.9968577508940646,1.1544901852719256,0.38871,0.7774200000000002,optimized,False
momentum_max_sharpe,2021-11-30,5,0.30037,0.59587,0.7999700000000001,0.24693417180000005,4.049662275215325,1.4647905462597284,0.7686406939727441,1.5504999999999998,optimized,False
momentum_max_sharpe,2021-12-31,5,0.33930000000000005,0.64134,0.84407,0.2649147170000001,3.774799721677976,1.412655456104313,0.5945409431509717,1.2069800000000002,optimized,False
momentum_max_sharpe,2022-01-31,4,0.39731,0.6689499999999999,0.85847,0.287592097,3.4771470093630565,1.3127015315502844,0.456224320934629,0.9423599999999998,optimized,False
momentum_max_sharpe,2022-02-28,5,0.4,0.7772147721477215,0.9456874568745688,0.3336237735421085,2.997388313737134,1.1925493816831736,0.8410120407347501,1.7169400000000001,optimized,False
momentum_max_sharpe,2022-03-31,3,0.39668,0.73333,1.0,0.3418011338,2.9256778316748813,1.0857644020881572,0.5524409252831757,1.1369473694736947,optimized,False
momentum_max_sharpe,2022-04-29,4,0.4,0.75948,0.9879300000000001,0.34156095780000006,2.9277350855350006,1.124904927421242,0.09095159901093347,0.21640000000000015,optimized,False
momentum_max_sharpe,2022-05-31,5,0.4,0.7819100000000001,0.9469300000000002,0.33580015500000004,2.9779616986775954,1.192189857049781,0.2594115999001401,0.51524,optimized,False
momentum_max_sharpe,2022-06-30,5,0.4,0.6801900000000001,0.8645200000000001,0.2828210930000001,3.5358041700234843,1.390678453033489,0.4519710688296402,0.9122000000000002,optimized,False
momentum_max_sharpe,2022-07-29,4,0.4,0.64631,0.8648000000000001,0.2866855362000001,3.488142489694252,1.3144988796155885,0.6685442784782465,1.3603800000000001,optimized,False
momentum_max_sharpe,2022-08-31,3,0.38728,0.72224,1.0,0.33933461759999994,2.9469436601330714,1.0895471531040557,0.587821227154445,1.23698,optimized,False
momentum_max_sharpe,2022-09-30,4,0.4,0.8,0.9609400000000001,0.34742736720000006,2.878299450210956,1.153683647585619,0.6716603607923368,1.3300800000000002,optimized,False
momentum_max_sharpe,2022-10-31,4,0.4,0.8,0.9107000000000001,0.34022898000000007,2.939197007850418,1.1924025093714432,0.9596264717651285,1.9218800000000003,optimized,False
momentum_max_sharpe,2022-11-30,3,0.4,0.71179,1.0,0.3402780082000001,2.938773520186603,1.0884365089990085,0.6000000000000001,1.2000000000000002,optimized,False
momentum_max_sharpe,2022-12-30,4,0.4,0.8,0.93469,0.34240679220000003,2.9205028135537083,1.181261854533943,0.46732332618782024,0.93062,optimized,False
momentum_max_sharpe,2023-01-31,3,0.4,0.8,1.0,0.3600000000000001,2.7777777777777772,1.0549201679861442,0.06681129072318209,0.13062000000000015,optimized,False
momentum_max_sharpe,2023-02-28,5,0.2,0.4,0.6000000000000001,0.20000000000000004,4.999999999999999,1.6094379124341005,1.0,2.0,fallback_equal:optimizer_failure,True
momentum_max_sharpe,2023-03-31,3,0.4,0.8,1.0,0.3600000000000001,2.7777777777777772,1.0549201679861442,0.4263337555830751,0.8,optimized,False
momentum_max_sharpe,2023-04-28,5,0.2,0.4,0.6000000000000001,0.20000000000000004,4.999999999999999,1.6094379124341005,0.8,1.6,fallback_equal:optimizer_failure,True
momentum_max_sharpe,2023-05-31,4,0.4,0.8,0.9456100000000001,0.3441605442000001,2.9056206960751307,1.1719579125062403,0.653579727752495,1.3087799999999998,optimized,False
momentum_max_sharpe,2023-06-30,3,0.4,0.8,1.0,0.3600000000000001,2.7777777777777772,1.0549201679861442,0.40922649245044806,0.8000000000000002,optimized,False
momentum_max_sharpe,2023-07-31,3,0.4,0.7229300000000001,1.0,0.34105156980000007,2.9321078937898495,1.0871456485316182,0.1219684196132673,0.24586000000000008,optimized,False
momentum_max_sharpe,2023-08-31,3,0.4,0.8,1.0,0.3600000000000001,2.7777777777777772,1.0549201679861442,0.26609220231063185,0.5541400000000001,optimized,False
momentum_max_sharpe,2023-09-29,3,0.4,0.8,1.0,0.3600000000000001,2.7777777777777772,1.0549201679861442,0.6,1.2000000000000002,optimized,False
momentum_max_sharpe,2023-10-31,3,0.4,0.7669900000000001,1.0000000000000002,0.3489753202000001,2.865532151175886,1.0738142451052235,1.0000000000000002,2.0000000000000004,optimized,False
momentum_max_sharpe,2023-11-30,5,0.4,0.8,0.8770234369010358,0.33357525543841804,2.997824280118439,1.2728037054727714,0.9229765630989641,1.845953126197929,optimized,False
momentum_max_sharpe,2023-12-29,4,0.4,0.69021,0.86844,0.29329581060000004,3.409527050366944,1.299781655679556,0.8008344059875782,1.601173309599763,optimized,False
momentum_max_sharpe,2024-01-31,4,0.4,0.8,0.9890000000000001,0.3558420000000001,2.810236003619583,1.097516607448697,0.401297646783908,0.8215400000000002,optimized,False
momentum_max_sharpe,2024-02-29,4,0.3873538735387354,0.7170471704717047,0.988269882698827,0.33244004866772936,3.0080611647349698,1.1392408565042214,0.38735387353873546,0.7747077470774709,optimized,False
momentum_max_sharpe,2024-03-28,4,0.32181000000000004,0.5669000000000001,0.7944200000000001,0.257659271,3.8810945793601968,1.3715529643483713,0.28826068093765017,0.5123345755457556,optimized,False
momentum_max_sharpe,2024-04-30,5,0.38543000000000005,0.6261700000000001,0.8312800000000001,0.27066290300000007,3.6946326552922537,1.400250878441811,0.40715,0.8143000000000001,optimized,False
momentum_max_sharpe,2024-05-31,5,0.4,0.7366343663436634,0.8885268852688527,0.30882006627044345,3.2381315504422843,1.2638650416322266,0.33613053646663626,0.7042200000000001,optimized,False
momentum_max_sharpe,2024-06-28,4,0.3603663963360367,0.6515134848651514,0.8965310346896531,0.2853699932715976,3.5042226708407336,1.3063729183992852,0.2946381755444383,0.5822941770582296,optimized,False
momentum_max_sharpe,2024-07-31,4,0.37512,0.70227,0.98381,0.3272690246,3.055590125653462,1.1569490373824387,0.45224001643436174,0.9468849003509966,optimized,False
momentum_max_sharpe,2024-08-30,3,0.4,0.7307800000000001,1.0,0.3418948168000001,2.92487616325864,1.0857363832490163,0.38870632582514486,0.7826200000000002,optimized,False
momentum_max_sharpe,2024-09-30,4,0.3999960000399996,0.7304826951730483,0.9000609993900062,0.30796286081198754,3.2471447932499355,1.26351346302893,0.5000649993500066,1.0001299987000132,optimized,False
momentum_max_sharpe,2024-10-31,4,0.4,0.7170200000000001,0.9692200000000001,0.3250539288000001,3.0764125931093798,1.1852614152865124,0.2521999999999999,0.5044079999200008,optimized,False
momentum_max_sharpe,2024-11-29,4,0.38384,0.73627,0.9627300000000001,0.3242132350000001,3.08438981523996,1.194026093396384,0.3211473252426383,0.6611000000000002,optimized,False
momentum_max_sharpe,2024-12-31,3,0.4,0.76368,1.0,0.34811028480000006,2.872652844987129,1.0752794518414217,0.37620112400497824,0.8422200000000002,optimized,False
momentum_max_sharpe,2025-01-31,5,0.4,0.63361,0.84874,0.27933681400000004,3.579907659432243,1.3741331480602186,1.0,2.0,optimized,False
momentum_max_sharpe,2025-02-28,5,0.4,0.77668,0.9581900000000001,0.33636042900000007,2.973001321745846,1.187137880704848,0.6055872445109558,1.20838,optimized,False
momentum_max_sharpe,2025-03-31,4,0.39999600003999963,0.7455125448745513,0.9424605753942461,0.32147779491195405,3.110634749357662,1.2179977985766735,0.820701957065284,1.6369800000000003,optimized,False
momentum_max_sharpe,2025-04-30,4,0.4,0.8,0.9097400000000001,0.34018973520000007,2.939536078042133,1.1925994224001437,0.19504163453866394,0.3938960610393898,optimized,False
momentum_max_sharpe,2025-05-30,4,0.4,0.76256,0.8987800000000001,0.32025113040000003,3.122549477814427,1.2377497372482815,0.4140962356010375,0.82192,optimized,False
momentum_max_sharpe,2025-06-30,3,0.4,0.8,1.0,0.3600000000000001,2.7777777777777772,1.0549201679861442,0.6467563868978582,1.2748800000000005,optimized,False
momentum_max_sharpe,2025-07-31,4,0.4,0.8,0.92966,0.3417594312000001,2.926034832422204,1.184618699739771,0.9296599999999999,1.8593199999999999,optimized,False
momentum_max_sharpe,2025-08-29,4,0.4,0.8,0.9399300000000002,0.3431888098000001,2.9138479211567803,1.1771522809269697,0.1439530525188445,0.2798600000000001,optimized,False
momentum_max_sharpe,2025-09-30,5,0.4,0.7939149391493916,0.9768277682776829,0.34916298832485027,2.8639919849397995,1.1314676838915816,0.5768287682876829,1.1536575365753658,optimized,False
momentum_max_sharpe,2025-10-31,4,0.4,0.8,0.94952,0.34490446080000003,2.899353628771623,1.1679114653255664,0.5768115032931566,1.165827658276583,optimized,False
momentum_max_sharpe,2025-11-28,3,0.4,0.8,1.0,0.3600000000000001,2.7777777777777772,1.0549201679861442,0.19171242969692062,0.29904000000000014,optimized,False
momentum_max_sharpe,2025-12-31,3,0.4,0.7939400000000001,1.0,0.3576494472000001,2.7960339595905848,1.0589836062835594,0.20652646234847594,0.4121200000000001,optimized,False
momentum_min_vol,2015-05-29,5,0.2,0.4,0.6000000000000001,0.20000000000000004,4.999999999999999,1.6094379124341005,1.0,1.0,fallback_equal:insufficient_history,True
momentum_min_vol,2015-06-30,5,0.2,0.4,0.6000000000000001,0.20000000000000004,4.999999999999999,1.6094379124341005,0.21321828245310442,0.4,fallback_equal:insufficient_history,True
momentum_min_vol,2015-07-31,5,0.2,0.4,0.6000000000000001,0.20000000000000004,4.999999999999999,1.6094379124341005,0.014782115675941232,0.0,fallback_equal:insufficient_history,True
momentum_min_vol,2015-08-31,5,0.2,0.4,0.6000000000000001,0.20000000000000004,4.999999999999999,1.6094379124341005,0.6146471956831198,1.2000000000000002,fallback_equal:insufficient_history,True
momentum_min_vol,2015-09-30,5,0.2,0.4,0.6000000000000001,0.20000000000000004,4.999999999999999,1.6094379124341005,0.20241741353802745,0.4,fallback_equal:insufficient_history,True
momentum_min_vol,2015-10-30,5,0.2,0.4,0.6000000000000001,0.20000000000000004,4.999999999999999,1.6094379124341005,0.40142569827707414,0.8,fallback_equal:insufficient_history,True
momentum_min_vol,2015-11-30,5,0.2,0.4,0.6000000000000001,0.20000000000000004,4.999999999999999,1.6094379124341005,0.21008488641027379,0.4,fallback_equal:insufficient_history,True
momentum_min_vol,2015-12-31,5,0.2,0.4,0.6000000000000001,0.20000000000000004,4.999999999999999,1.6094379124341005,0.2073481059556681,0.4,fallback_equal:insufficient_history,True
momentum_min_vol,2016-01-29,5,0.38682000000000005,0.5918300000000001,0.7737300000000001,0.2559921354000001,3.9063700079592354,1.4694071746707773,0.19484275076201352,0.38366,optimized,False
momentum_min_vol,2016-02-29,5,0.4,0.7965900000000001,0.8873300000000002,0.33256289860000005,3.00694997610897,1.2688294987200057,0.79659,1.59318,optimized,False
momentum_min_vol,2016-03-31,4,0.4,0.7466300000000001,0.9176600000000001,0.31618349340000007,3.162720448328122,1.2413891269079116,0.48234,0.96468,optimized,False
momentum_min_vol,2016-04-29,5,0.4,0.7522800000000001,0.9196600000000001,0.31555382640000007,3.169031449906702,1.2888796570641252,0.3468879217388538,0.69326,optimized,False
momentum_min_vol,2016-05-31,5,0.4,0.8,0.9146500000000001,0.3376534622000001,2.9616163076914535,1.2399564807832304,0.7747738769319364,1.5644400000000003,optimized,False
momentum_min_vol,2016-06-30,5,0.36042,0.57433,0.7466200000000001,0.23870664960000001,4.189242325991743,1.5191525860478645,0.877516098292247,1.7531400000000001,optimized,False
momentum_min_vol,2016-07-29,4,0.4,0.8,0.9203600000000001,0.34082905920000006,2.9340221234281416,1.1893751832705268,0.7999999999999998,1.5999999999999996,optimized,False
momentum_min_vol,2016-08-31,5,0.4,0.62148,0.80778,0.26279915280000005,3.805187305002605,1.460719637119404,0.80778,1.61556,optimized,False
momentum_min_vol,2016-09-30,4,0.4,0.8,0.9638000000000001,0.3481408800000001,2.872400391473704,1.149501458315616,0.7999999999999998,1.6,optimized,False
momentum_min_vol,2016-10-31,5,0.4,0.78734,0.9652400000000001,0.34279617460000006,2.9171854124885552,1.1636455124703526,0.9666300000000001,1.9332600000000002,optimized,False
momentum_min_vol,2016-11-30,5,0.4,0.6638036380363803,0.8828668286682867,0.28777292592974135,3.474962061733862,1.3516843328926504,0.4101533613705571,0.8340176449764499,optimized,False
momentum_min_vol,2016-12-30,4,0.4,0.74043,0.9806300000000001,0.33396382180000006,2.994336316461449,1.1523343165441486,0.6401999999999999,1.2836376449764497,optimized,False
momentum_min_vol,2017-01-31,5,0.4,0.6629800000000001,0.9090400000000002,0.29457891300000005,3.3946761151909057,1.335529060900917,0.3358281481561265,0.68086,optimized,False
momentum_min_vol,2017-02-28,5,0.4,0.8,0.9387900000000001,0.3412967386000001,2.9300016287937645,1.2178634454833395,0.5146021366048501,1.0273400000000004,optimized,False
momentum_min_vol,2017-03-31,5,0.4,0.6121800000000001,0.7979800000000001,0.2690254664000001,3.717120216839069,1.4222629034611165,0.9663600000000001,1.9327200000000004,optimized,False
momentum_min_vol,2017-04-28,5,0.3579835798357984,0.6218962189621897,0.834708347083471,0.2589318157104211,3.8620205757888,1.447146245790225,0.37791355754513345,0.8,optimized,False
momentum_min_vol,2017-05-31,5,0.33899,0.62198,0.81621,0.2624458572,3.810309717474176,1.3973503104453258,0.62198,1.24396,optimized,False
momentum_min_vol,2017-06-30,4,0.4,0.8,0.97116,0.3501274912000001,2.8561024916172015,1.1374231782041915,0.6974402969090295,1.4104400000000001,optimized,False
momentum_min_vol,2017-07-31,5,0.36541,0.73077,0.94289,0.3144328766000001,3.1803290127073174,1.2523825246784874,0.602751562886305,1.2116000000000002,optimized,False
momentum_min_vol,2017-08-31,4,0.38204000000000005,0.7276600000000001,0.8714600000000001,0.3026087176000001,3.3045974614711486,1.2773800103729545,0.6253681929950705,1.2691800000000002,optimized,False
momentum_min_vol,2017-09-29,5,0.29947,0.58944,0.8297,0.25867903940000003,3.8657944699326103,1.3884332016938932,0.5840479813775725,1.1629800000000001,optimized,False
momentum_min_vol,2017-10-31,5,0.3999960000399996,0.6380136198638013,0.8304016959830401,0.2798066285394486,3.57389674869341,1.358763393561225,0.6453615706421724,1.3364232297677023,optimized,False
momentum_min_vol,2017-11-30,4,0.27256,0.52383,0.76537,0.25081837500000004,3.9869487233540997,1.3846752900779293,0.5617139473198564,1.1391886081139189,optimized,False
momentum_min_vol,2017-12-29,5,0.4,0.6144000000000001,0.82413,0.27460064140000007,3.641652091203017,1.3925877180090191,0.7856000000000001,1.5712000000000002,optimized,False
momentum_min_vol,2018-01-31,5,0.3924839248392484,0.6843368433684336,0.8502185021850217,0.2780182280367589,3.5968864597891845,1.4122707974196238,0.3723337233372334,0.7446674466744669,optimized,False
momentum_min_vol,2018-02-28,5,0.39999600003999963,0.6089239107608925,0.7904720952790473,0.2598158727565633,3.8488795522395143,1.470056883900958,0.2975336016380776,0.5837058370583706,optimized,False
momentum_min_vol,2018-03-29,5,0.4,0.6839938399383995,0.8564865648656488,0.2910020603121061,3.4364017867346988,1.3057665932741989,0.7693347893468161,1.5535967235353598,optimized,False
momentum_min_vol,2018-04-30,4,0.4,0.8,0.9638700000000001,0.34815875380000005,2.8722529279687463,1.1493957045435759,0.419814627287812,0.8407151297512976,optimized,False
momentum_min_vol,2018-05-31,5,0.36663,0.61484,0.8145500000000001,0.25312780760000003,3.9505734651651916,1.4763662226621963,0.61484,1.22968,optimized,False
momentum_min_vol,2018-06-29,4,0.4,0.66581,0.8741000000000001,0.2898904902,3.4495784918990764,1.3063762979595823,0.48579042736543837,0.9919,optimized,False
momentum_min_vol,2018-07-31,5,0.4,0.8,0.8974200000000001,0.3387231718000001,2.9522633325790073,1.2183202476835442,0.6361654599126865,1.2766800000000003,optimized,False
momentum_min_vol,2018-08-31,5,0.4,0.7032440324403244,0.8319763197631976,0.28351688980944456,3.527126728400954,1.4031724572155022,0.9006626659502839,1.8083,optimized,False
momentum_min_vol,2018-09-28,5,0.4,0.65594,0.7987500000000001,0.26700154220000005,3.745296719113856,1.4511407775256182,0.746051214449118,1.5045959021590218,optimized,False
momentum_min_vol,2018-10-31,4,0.39999600003999963,0.7895221047789522,0.9082309176908231,0.33424073305191493,2.9918555732842953,1.205938126778969,0.7665886972994319,1.5308418353816464,optimized,False
momentum_min_vol,2018-11-30,5,0.3999960000399996,0.7055729442705573,0.9042909570904292,0.3013972213254338,3.3178806214681376,1.2891258000709351,0.8012819871801282,1.6025639743602564,optimized,False
momentum_min_vol,2018-12-31,5,0.4,0.62155,0.84257,0.27918548140000005,3.5818481497870605,1.3679160197976143,0.7754303657595091,1.5511800677993222,optimized,False
momentum_min_vol,2019-01-31,5,0.4,0.6423434234342345,0.8274562745627457,0.27939248052167126,3.5791943939680735,1.364760097571733,0.2620011610603671,0.5184120895208952,optimized,False
momentum_min_vol,2019-02-28,4,0.4,0.8,0.9582900000000001,0.3467954482000001,2.8835441906471937,1.1573260042599598,0.8091404774541026,1.6297742977429777,optimized,False
momentum_min_vol,2019-03-29,4,0.4,0.77986,0.9683700000000001,0.3408300966,2.9340131930121336,1.157990242783849,0.18851000000000004,0.37702000000000013,optimized,False
momentum_min_vol,2019-04-30,5,0.4,0.6986639866398665,0.9086670866708668,0.3016429973297824,3.31517724214467,1.2737647841515396,0.9689103981406579,1.9367400000000004,optimized,False
momentum_min_vol,2019-05-31,4,0.4,0.8,0.9595,0.34708050000000007,2.881175980788318,1.1556899057493242,0.7999999999999998,1.6,optimized,False
momentum_min_vol,2019-06-28,5,0.4,0.7557245572455724,0.8808068080680806,0.3094266554021654,3.2317836312462753,1.3291968014569966,0.8900715145241656,1.7832166421664217,optimized,False
momentum_min_vol,2019-07-31,5,0.4,0.8,0.8933000000000001,0.3350310150000001,2.9847982880032755,1.2610048710876516,0.8431365403141768,1.6905136161361614,optimized,False
momentum_min_vol,2019-08-30,5,0.33879000000000004,0.5774900000000001,0.7643700000000001,0.2348754774000001,4.257575167359722,1.5241785482562735,0.7613000000000001,1.5226000000000002,optimized,False
momentum_min_vol,2019-09-30,4,0.4,0.8,0.96574,0.34864349520000004,2.868259450606838,1.1465084783660762,0.8935951022672065,1.7938399999999999,optimized,False
momentum_min_vol,2019-10-31,4,0.4,0.68528,0.91796,0.3022552224,3.308462272577759,1.2687521052741715,0.48203999999999997,0.9640800000000002,optimized,False
momentum_min_vol,2019-11-29,4,0.4,0.7641200000000001,0.9495300000000002,0.3295074634000001,3.034832624674321,1.1975491433653926,0.7162384013255767,1.4294400000000003,optimized,False
momentum_min_vol,2019-12-31,4,0.4,0.7317,0.9583,0.3231113400000001,3.0949083990676396,1.2014501317037949,0.4326743509168656,0.8823799999999999,optimized,False
momentum_min_vol,2020-01-31,5,0.4,0.7506245062450625,0.9544275442754429,0.3265499802669504,3.0623183599108255,1.198914020490216,0.3513152149050668,0.7089939239392394,optimized,False
momentum_min_vol,2020-02-28,4,0.4,0.74199,0.9771100000000001,0.33276252660000005,3.00514607283908,1.1602930332395982,0.7607560508457407,1.5466139239392396,optimized,False
momentum_min_vol,2020-03-31,3,0.3898038980389804,0.7540375403754038,1.0,0.34511075668062263,2.8976204903558958,1.0800811784008986,0.6101961019610196,1.2203922039220394,optimized,False
momentum_min_vol,2020-04-30,4,0.4,0.8,0.96299,0.3479354802000001,2.874096080759515,1.1507132224613101,0.44829999781154395,0.9455527153271532,optimized,False
momentum_min_vol,2020-05-29,4,0.4,0.8,0.96299,0.3479354802000001,2.874096080759515,1.1507132224613101,0.5629899999999999,1.1259800000000002,optimized,False
momentum_min_vol,2020-06-30,3,0.4,0.79703,1.0,0.35882964180000004,2.7868377734450585,1.056945817701267,0.4432176148260336,0.87402,optimized,False
momentum_min_vol,2020-07-31,3,0.4,0.72311,1.0,0.34106814420000003,2.9319654063429823,1.0871179701216884,0.2768899999999999,0.55378,optimized,False
momentum_min_vol,2020-08-31,3,0.4,0.7442200000000001,1.0,0.3439108168000001,2.90773058348306,1.0823581371967046,0.028258458774210186,0.04222000000000009,optimized,False
momentum_min_vol,2020-09-30,3,0.4,0.71535,1.0,0.34047124500000003,2.9371055990352426,1.088114223949031,0.0627600356750104,0.11914000000000005,optimized,False
momentum_min_vol,2020-10-30,4,0.4,0.8,0.9648800000000001,0.3484188288000001,2.870108953193289,1.1478512785129837,0.8351200000000001,1.6702400000000002,optimized,False
momentum_min_vol,2020-11-30,3,0.4,0.8,1.0,0.3600000000000001,2.7777777777777772,1.0549201679861442,0.19999999999999998,0.4000000000000001,optimized,False
momentum_min_vol,2020-12-31,3,0.38018,0.69069,1.0,0.3366259686,2.970656138499708,1.093777500314625,0.31050999999999995,0.6210200000000001,optimized,False
momentum_min_vol,2021-01-29,4,0.4,0.8,0.99136,0.3566932992000001,2.8035289764142552,1.0905169407351543,0.6774198121425443,1.3789799999999999,optimized,False
momentum_min_vol,2021-02-26,4,0.4,0.7196,0.91123,0.30674632980000005,3.2600227055756603,1.2626630769092213,0.4080852434768013,0.8000000000000002,optimized,False
momentum_min_vol,2021-03-31,4,0.4,0.72794,0.91607,0.3099817854000001,3.2259960007314663,1.2543982174119672,0.4158145724604247,0.8166800000000001,optimized,False
momentum_min_vol,2021-04-30,4,0.4,0.76793,0.96557,0.3356194794000001,2.9795648386909446,1.1708197740335207,0.40729922701432286,0.8190200000000002,optimized,False
momentum_min_vol,2021-05-28,5,0.4,0.6856800000000001,0.8440800000000002,0.2860711506000001,3.495633858578956,1.3616729163915846,0.69641,1.3928200000000002,optimized,False
momentum_min_vol,2021-06-30,3,0.4,0.76449,1.0,0.3483179202,2.870940431160739,1.0749279798237823,0.7644899999999999,1.52898,optimized,False
momentum_min_vol,2021-07-30,4,0.4,0.72235,0.86223,0.30245650980000005,3.306260462574444,1.279677653788989,0.86223,1.72446,optimized,False
momentum_min_vol,2021-08-31,3,0.4,0.7089700000000001,1.0,0.34016092180000007,2.939785072042922,1.0886317323682322,0.5405417604800042,1.1065200000000002,optimized,False
momentum_min_vol,2021-09-30,3,0.4,0.74733,1.0,0.3444802578000001,2.9029239770848774,1.0814015900254867,0.040944203002927726,0.07671999999999995,optimized,False
momentum_min_vol,2021-10-29,4,0.4,0.7180300000000001,0.99489,0.33782065260000005,2.960150577839479,1.1133733063547233,0.31803000000000003,0.6360600000000001,optimized,False
momentum_min_vol,2021-11-30,3,0.4,0.7397100000000001,1.0,0.3431537682000001,2.9141454725835056,1.0836282372612285,0.3065603683253204,0.6462800000000002,optimized,False
momentum_min_vol,2021-12-31,5,0.39999600003999963,0.7064529354706454,0.9828901710982891,0.33052468877317215,3.02549259999838,1.1628646906690547,0.349880374010576,0.6794279999200009,optimized,False
momentum_min_vol,2022-01-31,5,0.33217,0.6615,0.95109,0.30446367240000005,3.284464094245747,1.258421476159015,0.6953452597167922,1.3866003421965782,optimized,False
momentum_min_vol,2022-02-28,4,0.4,0.68472,0.9419500000000001,0.31060255380000007,3.2195485444846326,1.238694920630978,0.6421905940684022,1.3356600000000003,optimized,False
momentum_min_vol,2022-03-31,4,0.4,0.7286900000000001,0.9131200000000002,0.3095996754000001,3.229977546675424,1.2562738079694058,0.43499413492877287,0.85766,optimized,False
momentum_min_vol,2022-04-29,4,0.32987,0.6502,0.8301200000000001,0.27265594660000003,3.667625857678616,1.3402558295238245,0.32033,0.64066,optimized,False
momentum_min_vol,2022-05-31,5,0.4,0.6555235552355525,0.8439064390643909,0.280884784967611,3.5601785981939558,1.3691788711945294,0.34351710914542555,0.6597400000000001,optimized,False
momentum_min_vol,2022-06-30,5,0.4,0.6431500000000001,0.8637900000000002,0.28325989860000006,3.530326759779472,1.3571374587778091,0.6433540356400435,1.3508142323423236,optimized,False
momentum_min_vol,2022-07-29,5,0.4,0.63761,0.83208,0.27467007620000006,3.640731505356461,1.4014999417873961,0.36610393484782444,0.7303000000000001,optimized,False
momentum_min_vol,2022-08-31,4,0.4,0.6987000000000001,0.9472700000000002,0.3137891878000001,3.1868529537651575,1.2286189947335415,0.9187358325909112,1.8388200000000001,optimized,False
momentum_min_vol,2022-09-30,3,0.4,0.7391800000000001,1.0,0.3430701448000001,2.9148557959858934,1.0837684212173442,0.35502578027516374,0.7028600000000002,optimized,False
momentum_min_vol,2022-10-31,3,0.4,0.71691,1.0,0.34057189620000006,2.9362375790771424,1.0879463096389994,1.0,2.0,optimized,False
momentum_min_vol,2022-11-30,5,0.4,0.6542700000000001,0.8282500000000002,0.2760999506000001,3.62187677986495,1.3998072346280723,0.71655,1.4331,optimized,False
momentum_min_vol,2022-12-30,5,0.3999960000399996,0.6848931510684892,0.8419415805841941,0.2848005480605587,3.511229198152261,1.3705104066463498,0.42424109165143,0.8612463021369785,optimized,False
momentum_min_vol,2023-01-31,5,0.4,0.65971,0.83742,0.2852293062000001,3.5059511006166018,1.3236278004664546,0.3061447170739719,0.6125538600613994,optimized,False
momentum_min_vol,2023-02-28,3,0.4,0.8,1.0,0.3600000000000001,2.7777777777777772,1.0549201679861442,0.633536173772865,1.3208600000000001,optimized,False
momentum_min_vol,2023-03-31,4,0.4,0.8,0.91327,0.34035218580000004,2.938133033138875,1.1917834702299221,0.2110004897443318,0.4000000000000001,optimized,False
momentum_min_vol,2023-04-28,4,0.4,0.8,0.9125500000000001,0.3403150050000001,2.938454036136313,1.1919704183221203,0.8,1.6014400000000002,optimized,False
momentum_min_vol,2023-05-31,3,0.4,0.7085800000000001,1.0,0.3401472328000001,2.939903381745223,1.0886545538813455,0.70858,1.4171600000000002,optimized,False
momentum_min_vol,2023-06-30,3,0.4,0.8,1.0,0.3600000000000001,2.7777777777777772,1.0549201679861442,0.6751529782601475,1.38284,optimized,False
momentum_min_vol,2023-07-31,5,0.4,0.7910949109491096,0.9263472634726349,0.33667300652646326,2.9702410963006556,1.1963933265246696,0.3881636708696709,0.8,optimized,False
momentum_min_vol,2023-08-31,5,0.4,0.8,0.9226800000000001,0.3380395898000001,2.958233385005722,1.2419546792052905,0.44366361867974885,0.894948178081781,optimized,False
momentum_min_vol,2023-09-29,4,0.4,0.8,0.9569100000000001,0.34647749620000007,2.8861903326118523,1.1591378790717999,0.7999999999999999,1.5999999999999999,optimized,False
momentum_min_vol,2023-10-31,5,0.3483765162348377,0.6345636543634563,0.7937120628793711,0.2545569703351376,3.9283937056740093,1.4629032539587885,1.0,2.0,optimized,False
momentum_min_vol,2023-11-30,5,0.4,0.6694800000000001,0.8537000000000001,0.2827561336,3.5366164732420855,1.3723852502470781,0.679581927052456,1.3515210951890482,optimized,False
momentum_min_vol,2023-12-29,5,0.3032169678303217,0.5767942320576794,0.8482715172848272,0.2587852163697941,3.8642083733679686,1.4109662179628466,0.5886150482329857,1.20988,optimized,False
momentum_min_vol,2024-01-31,3,0.4,0.79196,1.0,0.35691328320000004,2.8018010174186756,1.0602522414268194,0.29424451594148787,0.6416335836641633,optimized,False
momentum_min_vol,2024-02-29,5,0.4,0.77563,0.98311,0.3442967658,2.9044710823130244,1.1407633470995326,0.22436999999999996,0.4487400000000001,optimized,False
momentum_min_vol,2024-03-28,5,0.3673536735367354,0.7319373193731938,0.937089370893709,0.312025040369605,3.204870989890631,1.2769019679230538,0.4074591864121893,0.8212085498854989,optimized,False
momentum_min_vol,2024-04-30,5,0.4,0.8,0.9782000000000001,0.3521814282000001,2.8394455809637713,1.1284214443817955,0.6059223773779754,1.2272327083270833,optimized,False
momentum_min_vol,2024-05-31,5,0.4,0.7183200000000001,0.8588000000000001,0.29974297280000006,3.3361916399862963,1.3033005155986008,0.45830687409512105,0.9166600000000001,optimized,False
momentum_min_vol,2024-06-28,5,0.36113,0.62906,0.84604,0.26340759980000006,3.7963976770574552,1.431725778432921,0.39874027128257516,0.79958,optimized,False
momentum_min_vol,2024-07-31,4,0.4,0.6590600000000001,0.8968900000000002,0.2943068646000001,3.3978140515312996,1.2922604157844353,0.5316541228121519,1.07152,optimized,False
momentum_min_vol,2024-08-30,4,0.4,0.6924,0.9461700000000001,0.31279464180000005,3.1969857100026573,1.2313496743011165,0.3502918208353294,0.7243400000000002,optimized,False
momentum_min_vol,2024-09-30,4,0.2998329983299833,0.5651456514565145,0.8182581825818258,0.2573866724077095,3.8852050521713295,1.3708438624700168,0.27306958631322376,0.5306253062530626,optimized,False
momentum_min_vol,2024-10-31,5,0.32723,0.58663,0.79867,0.2541188714,3.935166225517874,1.4216465764809798,0.2554478691149411,0.518050368503685,optimized,False
momentum_min_vol,2024-11-29,5,0.35240647593524066,0.6539934600653994,0.9151508484915152,0.28696988207366164,3.484686242242356,1.347565373827996,0.4372556274437255,0.8780260317396826,optimized,False
momentum_min_vol,2024-12-31,4,0.4,0.8,0.9881800000000001,0.35555142480000007,2.812532675301488,1.0998169531861077,0.6626025655430559,1.3731860317396827,optimized,False
momentum_min_vol,2025-01-31,4,0.4,0.7052500000000002,0.8816900000000002,0.2983058922000001,3.352263653342613,1.2873433375039283,0.88169,1.7633800000000002,optimized,False
momentum_min_vol,2025-02-28,4,0.4,0.78691,0.9030900000000001,0.33258868860000007,3.006716807506002,1.2101878210148742,0.5708127245478372,1.15714,optimized,False
momentum_min_vol,2025-03-31,5,0.4,0.59899,0.77937,0.25718831740000003,3.888201494178755,1.4798215765591127,0.9043793832029546,1.80618,optimized,False
momentum_min_vol,2025-04-30,5,0.39999600003999963,0.6635933640663594,0.8380616193838062,0.27387368599889267,3.6513182942447533,1.4244082145995716,0.3602456588221608,0.7183492089079109,optimized,False
momentum_min_vol,2025-05-30,5,0.3999960000399996,0.6499135008649913,0.8514614853851461,0.27410906469129526,3.6481828907271323,1.422091636461797,0.3718749650702473,0.7279727202727972,optimized,False
momentum_min_vol,2025-06-30,3,0.4,0.7012900000000001,1.0,0.3400033282000001,2.9411476802126186,1.0888944283281297,0.6047394979034387,1.200007999920001,optimized,False
momentum_min_vol,2025-07-31,3,0.4,0.8,1.0,0.3600000000000001,2.7777777777777772,1.0549201679861442,0.6768790882453026,1.3974200000000003,optimized,False
momentum_min_vol,2025-08-29,4,0.4,0.8,0.90329,0.3400216482000001,2.94098921434497,1.193441343562817,0.1053049804841086,0.19342000000000015,optimized,False
momentum_min_vol,2025-09-30,4,0.4,0.68709,0.9390799999999999,0.30963087460000005,3.229652085864695,1.24259337245867,0.71291,1.4258200000000003,optimized,False
momentum_min_vol,2025-10-31,4,0.4,0.76678,0.96445,0.3348647998000001,2.986279837705413,1.1734718338912997,0.6595032357552072,1.3741800000000002,optimized,False
momentum_min_vol,2025-11-28,4,0.4,0.7032200000000001,0.8544200000000001,0.29599734480000006,3.3784086836173532,1.2945244186074136,0.1905984237172771,0.3024000000000001,optimized,False
momentum_min_vol,2025-12-31,3,0.4,0.7737800000000001,1.0000000000000002,0.35088697680000014,2.8499205331578428,1.0705675288824732,0.37942729658582497,0.74756,optimized,False
