date,strategy,annualized_return,annualized_volatility,sharpe_ratio,beta,tracking_error,information_ratio,maximum_drawdown
2018-09-28,momentum_3m_equal,,,,,,,
2018-10-31,momentum_3m_equal,,,,,,,
2018-11-30,momentum_3m_equal,,,,,,,
2018-12-31,momentum_3m_equal,,,,,,,
2019-01-31,momentum_3m_equal,,,,,,,
2019-02-28,momentum_3m_equal,,,,,,,
2019-03-29,momentum_3m_equal,,,,,,,
2019-04-30,momentum_3m_equal,,,,,,,
2019-05-31,momentum_3m_equal,,,,,,,
2019-06-28,momentum_3m_equal,,,,,,,
2019-07-31,momentum_3m_equal,,,,,,,
2019-08-30,momentum_3m_equal,-0.08243365109484391,0.2131385125236906,-0.30091946372207456,0.9124451621474374,0.12880564253555768,-0.6905825053517041,-0.2056512969213642
2019-09-30,momentum_3m_equal,-0.044981601925859316,0.21701880137852309,-0.10842233893944525,0.9242813356366175,0.13129519477534732,-0.4663534951687506,-0.2015653064460189
2019-10-31,momentum_3m_equal,0.1353326214121684,0.1715793884887432,0.8239383551608428,0.7600200907671099,0.11974229649852576,0.11554334587743252,-0.0909309011766436
2019-11-29,momentum_3m_equal,0.21323922725489108,0.17181574280566825,1.2147842573785068,0.7834632724035389,0.1129801341032037,0.5752866681906869,-0.0909309011766436
2019-12-31,momentum_3m_equal,0.4376034400810789,0.16399114986241603,2.3231281447334826,0.7804081147981825,0.13218658260547322,0.8842247468155036,-0.09093090117664371
2020-01-31,momentum_3m_equal,0.566100959230659,0.17471425471822927,2.6966834056151106,1.009756593065914,0.13019175223068188,2.20729587541689,-0.09093090117664371
2020-02-28,momentum_3m_equal,0.5387113171195681,0.17952939825316347,2.526674803761197,0.8682274065442934,0.12456821088344544,3.080035136179496,-0.09093090117664371
2020-03-31,momentum_3m_equal,0.36263633199975076,0.21037011884457285,1.58691990558351,0.8600735316973535,0.12607740751411597,3.227748215069593,-0.0909309011766436
2020-04-30,momentum_3m_equal,0.5616476366216392,0.28075085118170395,1.740160729041026,1.0425197913992545,0.1355331518200125,3.49823388287471,-0.0909309011766436
2020-05-29,momentum_3m_equal,0.8330163379270892,0.24166723115638336,2.675254041155125,0.9289187083535325,0.11811649370371047,4.411210724886684,-0.08682512885068827
2020-06-30,momentum_3m_equal,0.8735126475408606,0.24462408983905334,2.7396323947893717,0.9913542352421475,0.11289385497612432,5.272539906844989,-0.08682512885068805
2020-07-31,momentum_3m_equal,1.1583919517076349,0.26733568911698946,3.086593300911323,1.0632839054462253,0.12158624647563057,5.825006305147584,-0.08682512885068816
2020-08-31,momentum_3m_equal,1.6884728139051588,0.3453943657019358,3.1270412167304706,1.2376535257248267,0.20370989822387364,4.295275959979884,-0.08682512885068816
2020-09-30,momentum_3m_equal,1.375990306094418,0.38483502584799845,2.493813726286721,1.3486911333585012,0.23066330078212,3.5161372712935637,-0.08682512885068816
2020-10-30,momentum_3m_equal,1.183023855019726,0.4035832341751816,2.169026310113545,1.4100758677216252,0.24176259226576385,3.204867890868648,-0.12700038200309216
2020-11-30,momentum_3m_equal,1.419910427768487,0.41211540020507925,2.4002806172359503,1.3531987928580038,0.23599577085898488,3.4539963254401918,-0.12700038200309183
2020-12-31,momentum_3m_equal,1.3142200831716004,0.41222011935679187,2.282731649027,1.3322667858668205,0.2408799585404107,3.1484237851030583,-0.12700038200309205
2021-01-29,momentum_3m_equal,1.206895342003738,0.4125873338325831,2.1571626678475044,1.3414465033686296,0.23738477331425878,3.020121424382648,-0.12700038200309216
2021-02-26,momentum_3m_equal,1.4500667508287144,0.4011689475560597,2.4891568314806594,1.432078416606992,0.23731818428904541,3.014026672470483,-0.12700038200309194
2021-03-31,momentum_3m_equal,1.7050075418661295,0.3706034843569405,2.9546986484563282,1.7539330534821302,0.2501042821534878,2.575624074791386,-0.12700038200309205
2021-04-30,momentum_3m_equal,1.3286662574421517,0.34732167280991727,2.6664548324855315,1.8432210691767723,0.2541145320179755,2.1631555713235704,-0.12700038200309194
2021-05-28,momentum_3m_equal,1.19942632875183,0.3541881497102342,2.447561796147199,1.8999711783488455,0.25684784669471306,2.064507974256274,-0.12700038200309205
2021-06-30,momentum_3m_equal,1.131316418258475,0.35348055891516594,2.3565719982949993,1.9210430764929285,0.2544847595822509,1.935455068628566,-0.12700038200309194
2021-07-30,momentum_3m_equal,0.8388854854485306,0.3377550648389581,1.98930198486305,1.8438788318953458,0.2437593182395058,1.4924209704153446,-0.12700038200309205
2021-08-31,momentum_3m_equal,0.5316691130445208,0.22162369684632507,2.0571226418555475,1.4018886712649075,0.1287114903854174,1.4674375397884607,-0.12700038200309205
2021-09-30,momentum_3m_equal,0.5738120359111958,0.20736843491450294,2.319960072469026,1.2746698988807297,0.11489746749404434,1.935609555244743,-0.05968584354133377
2021-10-29,momentum_3m_equal,0.9329013146957261,0.22242612900502898,3.14147650529511,1.3621790511708356,0.13443989136232196,2.5531631943144037,-0.05968584354133377
2021-11-30,momentum_3m_equal,0.7945028889809436,0.19350029544840777,3.1808788511224004,1.1877199643542329,0.14499665775819937,2.5923415681351845,-0.05968584354133377
2021-12-31,momentum_3m_equal,0.6847181555402087,0.20253172170574527,2.720201924351185,1.0292905752407633,0.16757463583905693,1.8189840538866497,-0.05968584354133377
2022-01-31,momentum_3m_equal,0.46714788042258415,0.2422764924168387,1.7152885812172791,1.3548975300209627,0.1731197658016148,1.2182954126370444,-0.09555067582155652
2022-02-28,momentum_3m_equal,0.3701352977732322,0.23367033270234439,1.4689611808465195,1.1862158808453744,0.16901823309404534,1.159883777997126,-0.09555067582155663
2022-03-31,momentum_3m_equal,0.4122661679077759,0.23501459856545676,1.5944555290268483,1.2579179929343631,0.16454364716269462,1.4231757541576728,-0.09555067582155652
2022-04-29,momentum_3m_equal,0.34494830388134723,0.23707319482299583,1.3704760397598739,1.0080265033806008,0.17313804006544808,1.8756095960269104,-0.09555067582155652
2022-05-31,momentum_3m_equal,0.35707818855323925,0.23644117684398272,1.412581768988893,1.0140264391891696,0.17147627479347036,1.9784780339581747,-0.09555067582155652
2022-06-30,momentum_3m_equal,0.21722601448479972,0.24499975843262486,0.9170952498938885,0.9824678814532469,0.1713004316923687,1.9620013098549167,-0.09555067582155652
2022-07-29,momentum_3m_equal,0.25011741212853256,0.24583920418406147,1.0253167142842765,0.8156802425949476,0.18545726534434215,1.591192797445583,-0.09555067582155652
2022-08-31,momentum_3m_equal,0.12198141047286715,0.24325326544478867,0.5824678716161601,0.8057382820081989,0.18421276522752816,1.3905278267386518,-0.09555067582155652
2022-09-30,momentum_3m_equal,0.10033589469697235,0.2496616158147799,0.49485565018617045,0.8142630915736219,0.180774767796718,1.5701235974101717,-0.1299065480701379
2022-10-31,momentum_3m_equal,-0.023076785755772766,0.18261079810070927,-0.04304831097457422,0.5498663267936196,0.1686351296491476,0.8403444996774904,-0.1299065480701379
2022-11-30,momentum_3m_equal,-0.05486509184745891,0.1686633452841072,-0.25484607136275694,0.5620703046731824,0.14761118168345222,0.30148732029431974,-0.1299065480701378
2022-12-30,momentum_3m_equal,-0.0699277784930128,0.1699585828944226,-0.3458235095667583,0.5970627924579224,0.1365388171807342,0.9615932463018002,-0.1219401315920895
2023-01-31,momentum_3m_equal,0.03166074861120283,0.14459529888500136,0.28298745654752316,0.5052299295578693,0.14253078309820758,0.8184274901115147,-0.11780995036827513
2023-02-28,momentum_3m_equal,0.07059359551952249,0.15462184831925777,0.5139304432337966,0.4942931391755896,0.15669010761725355,0.9569802109462797,-0.11780995036827491
2023-03-31,momentum_3m_equal,0.08592752459867836,0.16039052944532084,0.5896418442764353,0.5061785599238532,0.15820503391575588,1.047875004215966,-0.11780995036827491
2023-04-28,momentum_3m_equal,0.0851074110220651,0.16045659258696995,0.584714503025006,0.5586956966430536,0.14160275009720627,0.44086980144625354,-0.11780995036827502
2023-05-31,momentum_3m_equal,0.18132561562837735,0.18885267197421807,0.9742628586842663,0.558599044442385,0.173149156932721,0.8672872371569701,-0.11780995036827513
2023-06-30,momentum_3m_equal,0.314396808877742,0.1794135538715212,1.6228283379860178,0.5299885443504067,0.17216851985090412,0.6312875580391876,-0.10874684102003451
2023-07-31,momentum_3m_equal,0.32578750165456816,0.1805241706816733,1.6627914525570877,0.599312745754344,0.1594111769655878,1.1146141429556833,-0.10874684102003462
2023-08-31,momentum_3m_equal,0.3737828222413011,0.17130103052287027,1.956564952059293,0.558381217149476,0.15932741534148095,1.1796197055562427,-0.07782659410808779
2023-09-29,momentum_3m_equal,0.3837390666088303,0.16687299028344538,2.0485333078318244,0.5197292276480541,0.1638182210340596,0.915360571482313,-0.07114330790764056
2023-10-31,momentum_3m_equal,0.25748850681184354,0.18554398116218263,1.330883813036998,0.6912528535094284,0.1615405888585867,0.9712013957021138,-0.12194950613275168
2023-11-30,momentum_3m_equal,0.24810890095632376,0.184620824460179,1.2953488732564684,0.5750407557897085,0.1734679267091564,0.6552967335114067,-0.1219495061327519
2023-12-29,momentum_3m_equal,0.34532772726150074,0.18008543544842875,1.7497498045473239,0.5707797478981121,0.17137417188517953,0.5043253489904967,-0.12194950613275168
2024-01-31,momentum_3m_equal,0.39897419393472355,0.18122382608613377,1.9615303443801693,0.6714619860183897,0.16176864412995962,1.067308616717149,-0.12194950613275168
2024-02-29,momentum_3m_equal,0.5201742060569048,0.21760824555110053,2.0555551354479213,1.0082088034326973,0.1689797466380945,1.1045918201340605,-0.1219495061327518
2024-03-28,momentum_3m_equal,0.4676628277324024,0.21467602547547474,1.911471072643987,0.9848190599146794,0.16807670157180016,0.9146285187482531,-0.12194950613275168
2024-04-30,momentum_3m_equal,0.37966314337413354,0.2340940490570622,1.4981788738472388,1.0873176288772517,0.16882963305543788,0.8905599175816069,-0.12194950613275168
2024-05-31,momentum_3m_equal,0.3437040479131499,0.22523626057448654,1.4289893365167805,1.1863185673495225,0.13818162689834587,0.5497077924785478,-0.12194950613275157
2024-06-28,momentum_3m_equal,0.3183142322045718,0.2230435439257736,1.353364364599344,1.2322317769831312,0.1375502264154686,0.6253435744261091,-0.12194950613275168
2024-07-31,momentum_3m_equal,0.23696991940136614,0.22473702952386945,1.055026879731405,1.2344060433553308,0.14087316553480803,0.2915969728978945,-0.12194950613275168
2024-08-30,momentum_3m_equal,0.26622833639313925,0.2238794571693193,1.164874120077306,1.2836270770146867,0.1398216670751362,0.17318396201656205,-0.1219495061327518
2024-09-30,momentum_3m_equal,0.4406437602152704,0.20140839030481636,1.9300877736813213,1.2403146778211687,0.14101983247729596,0.5902936007789862,-0.06508275050674728
2024-10-31,momentum_3m_equal,0.5077102152695112,0.18476957439270703,2.342066578633855,1.1218551742388867,0.1346985087001415,0.8549978293020222,-0.06508275050674728
2024-11-29,momentum_3m_equal,0.5027729536894889,0.18479263195316623,2.323407313224839,1.501779630990096,0.12281156781492548,1.1696847127762604,-0.06508275050674717
2024-12-31,momentum_3m_equal,0.45235429791968684,0.18496973244747986,2.130532457948957,1.3178068545373056,0.1259249752736881,1.410408439243072,-0.06508275050674728
2025-01-31,momentum_3m_equal,0.4795015295692897,0.18830259856696668,2.1973289893572994,1.3461821418919016,0.1278397427047488,1.4562278297993867,-0.06508275050674728
2025-02-28,momentum_3m_equal,0.1764725976776449,0.17529769435682122,1.0145872009047274,1.2710386651039836,0.11777689033523357,0.13770581646761546,-0.08411632309573569
2025-03-31,momentum_3m_equal,0.09157379766815543,0.1825744216827741,0.5658586239653444,1.1255339548340781,0.1186864082880953,0.2547768936615881,-0.1221878897709332
2025-04-30,momentum_3m_equal,0.08305415914109404,0.1859028971305995,0.5164758845044393,1.1317432691076148,0.13465536990609045,-0.08205036140067212,-0.18572366547688113
2025-05-30,momentum_3m_equal,0.010528681874831136,0.16944222263487577,0.14053354875461996,0.8157467265619522,0.14020509465438696,-0.6900833694034885,-0.18572366547688113
2025-06-30,momentum_3m_equal,-0.005452679313709297,0.16634740517245175,0.044415447335195264,0.7553456408268604,0.14080608700524722,-0.9098624035227877,-0.18572366547688102
2025-07-31,momentum_3m_equal,0.05874526360155041,0.17177343842986467,0.4130525244613487,0.7811246894368904,0.14425130621011364,-0.5192074470496243,-0.18572366547688102
2025-08-29,momentum_3m_equal,0.008047445538958087,0.17278867688956287,0.1265276737750091,0.7545881684989806,0.1483804022580557,-0.8101945472396059,-0.18572366547688102
2025-09-30,momentum_3m_equal,0.015174936030071029,0.17552232976451765,0.16712835079318314,0.7990919404454346,0.1459338868797429,-0.8762295757992525,-0.18572366547688113
2025-10-31,momentum_3m_equal,0.08296871702180342,0.1824266140958764,0.5229566726515082,0.8308238308867558,0.15211261445748397,-0.6205188552596445,-0.18572366547688102
2025-11-28,momentum_3m_equal,0.07385189839495654,0.18132403863798446,0.4781739885874884,0.8430972431656257,0.15390640454246474,-0.30592517931009733,-0.18572366547688102
2025-12-31,momentum_3m_equal,0.05948581633904482,0.18112997461002323,0.4036583569137842,0.9719617966839011,0.14635783790359216,-0.5817225718521316,-0.18572366547688102
2018-09-28,momentum_12_1_equal,,,,,,,
2018-10-31,momentum_12_1_equal,,,,,,,
2018-11-30,momentum_12_1_equal,,,,,,,
2018-12-31,momentum_12_1_equal,,,,,,,
2019-01-31,momentum_12_1_equal,,,,,,,
2019-02-28,momentum_12_1_equal,,,,,,,
2019-03-29,momentum_12_1_equal,,,,,,,
2019-04-30,momentum_12_1_equal,,,,,,,
2019-05-31,momentum_12_1_equal,,,,,,,
2019-06-28,momentum_12_1_equal,,,,,,,
2019-07-31,momentum_12_1_equal,,,,,,,
2019-08-30,momentum_12_1_equal,0.08000328737892026,0.22239444646032133,0.45368079160250313,1.0657641208635225,0.09951120808539124,0.7645640480451231,-0.19295816279847255
2019-09-30,momentum_12_1_equal,0.05885364862325093,0.223047396547025,0.36361208942258366,1.0511563702235707,0.1047024288469057,0.4145313860783784,-0.19295816279847267
2019-10-31,momentum_12_1_equal,0.2314989219198751,0.16400745860914379,1.3573215400575873,0.8571721203818669,0.07845284169442054,1.2118801651594557,-0.0988206318352397
2019-11-29,momentum_12_1_equal,0.20363852479764155,0.16360120772262085,1.2180035199684531,0.8311033192247737,0.08481219387556659,0.6549029063979044,-0.0988206318352397
2019-12-31,momentum_12_1_equal,0.37737655877191356,0.10453202844623972,3.150677476649385,0.6157036819728801,0.08390523562786682,0.777745261423391,-0.023562756392545348
2020-01-31,momentum_12_1_equal,0.3136484675755502,0.08375902252544142,3.3320939214771594,0.46015411945983375,0.0898704502203081,1.060589057707586,-0.023562756392545237
2020-02-28,momentum_12_1_equal,0.22656183429713606,0.10236185795872815,2.0585643697603113,0.5210986565445656,0.0975720132830485,1.4428372250479484,-0.03698770671975238
2020-03-31,momentum_12_1_equal,0.049365932773029364,0.14997015333053,0.3927675900788354,0.6688618079999685,0.09587059327172934,1.3769500024172816,-0.13419524027114482
2020-04-30,momentum_12_1_equal,0.2359346843432779,0.2517861621137904,0.9572768944063761,0.9541983724861235,0.11307488947777655,2.0040181728026636,-0.1341952402711446
2020-05-29,momentum_12_1_equal,0.36953987031377267,0.2539401692278013,1.3648193322256936,1.001268906762965,0.11196409569313302,1.974721966608636,-0.1341952402711447
2020-06-30,momentum_12_1_equal,0.48012934297652454,0.28013420332495603,1.5439363324914595,1.0658267857209627,0.15569557719588453,2.2965755062350683,-0.1341952402711447
2020-07-31,momentum_12_1_equal,0.6057874358680917,0.29183606417371666,1.7819447148261456,1.0966195453652867,0.15851957406076259,2.5430287695086897,-0.1341952402711447
2020-08-31,momentum_12_1_equal,0.9834048239389683,0.36546456813019457,2.0824243665620683,1.2768539347155887,0.2272231925460967,2.4468458815053906,-0.1341952402711447
2020-09-30,momentum_12_1_equal,0.8398386549974657,0.3873638464561875,1.7795248178074634,1.3564535213571223,0.23300299473936506,2.3204016672785244,-0.1341952402711447
2020-10-30,momentum_12_1_equal,0.7274286488770902,0.4003992193326804,1.5675651769880252,1.4079263345834707,0.23693019158636547,2.224648473497721,-0.1341952402711447
2020-11-30,momentum_12_1_equal,0.962864028940174,0.4075315276477282,1.8774139710460622,1.363677056011186,0.22479994130761477,2.6291879722000617,-0.1341952402711447
2020-12-31,momentum_12_1_equal,1.0552726080363453,0.40619756464792645,2.0031027549216467,1.3696406042354854,0.21924666362448902,2.878309427191071,-0.1341952402711447
2021-01-29,momentum_12_1_equal,1.0400545435780049,0.40692659250162405,1.9806649920704325,1.3687891870676179,0.2191165549715381,2.888408418665191,-0.1341952402711447
2021-02-26,momentum_12_1_equal,1.0515662483130321,0.4054428604888916,2.00131624220609,1.4275755427753085,0.24550501498473326,2.151199611698907,-0.12883192076603422
2021-03-31,momentum_12_1_equal,1.2743960344336158,0.3714928680978198,2.4470730579995994,1.6705687161132257,0.26112198133122155,1.754824248825765,-0.12883192076603422
2021-04-30,momentum_12_1_equal,1.0427874586477879,0.3435900306992329,2.288217006099624,1.7437309792714482,0.2571927127783648,1.5932810060734757,-0.1288319207660341
2021-05-28,momentum_12_1_equal,0.8812744176805782,0.34971100072221806,2.0035427388423512,1.7783668593244075,0.26074081238556834,1.39612965324716,-0.1288319207660341
2021-06-30,momentum_12_1_equal,0.7669450837676872,0.3364606303669325,1.874721660421207,1.824144954869192,0.23900566622162586,1.2146635138754591,-0.12883192076603422
2021-07-30,momentum_12_1_equal,0.6095558927239133,0.32984669350881884,1.6102645934442217,1.8007097374677237,0.2364207873104386,0.9433821439826923,-0.12883192076603422
2021-08-31,momentum_12_1_equal,0.3494978173716443,0.2274124036240057,1.4361752057164536,1.3956116817621145,0.13925706929262643,0.4277915936272798,-0.1288319207660341
2021-09-30,momentum_12_1_equal,0.46969008870132756,0.1978095107272235,2.0649873332610835,1.0394830696453383,0.13555663761952136,1.1049571850074744,-0.05227769293524398
2021-10-29,momentum_12_1_equal,0.8355510074683699,0.22440458641958427,2.8715888964045324,1.1559275964506501,0.16269448632087183,1.7757101008071274,-0.03474006696538923
2021-11-30,momentum_12_1_equal,0.6464082139691374,0.20131639170852583,2.6143520491927057,1.0915753793013554,0.16249698728076076,1.7642898595615026,-0.03474006696538945
2021-12-31,momentum_12_1_equal,0.4890112021839228,0.20757587597262805,2.038203601698387,0.8740629207410819,0.18423964979653606,0.9605441039945751,-0.03474006696538934
2022-01-31,momentum_12_1_equal,0.38370081313375337,0.2224666838142388,1.574889489578001,0.9835476502238695,0.1823255072350178,0.7991057307491358,-0.06687236607599645
2022-02-28,momentum_12_1_equal,0.3970481042640246,0.21986469835430536,1.6360159594551271,1.0484157548436766,0.16593338104731106,1.2805802725379936,-0.08759887347788275
2022-03-31,momentum_12_1_equal,0.48300249832906594,0.21828933361335598,1.9287494835293155,1.1703489835134215,0.1508185699626438,1.8597155681431992,-0.08759887347788287
2022-04-29,momentum_12_1_equal,0.23461828609921542,0.24771762665393193,0.9669456608770867,1.228924152614405,0.15405596596066615,1.5537582003588921,-0.12911525119527656
2022-05-31,momentum_12_1_equal,0.2426789670649916,0.24712857123097862,0.9955754808419546,1.2361530492225166,0.1520546365856911,1.6527262762369688,-0.12911525119527645
2022-06-30,momentum_12_1_equal,0.07572122483189014,0.25148629049410487,0.4012664552489611,1.156561309279911,0.14660620968165694,1.4482099323537327,-0.18329310772214313
2022-07-29,momentum_12_1_equal,0.11546770913927129,0.2559724630613946,0.5413042332983351,1.0047345867301447,0.1545414570757287,1.175051672688435,-0.18329310772214302
2022-08-31,momentum_12_1_equal,0.01430617751386154,0.2536152866842487,0.1667971512181998,0.9937332700633223,0.15350721300888712,1.0212423804299615,-0.18329310772214336
2022-09-30,momentum_12_1_equal,-0.03596408429128428,0.25893182407599363,-0.02824331760053459,0.9638064672726233,0.15259273000711143,1.0025325175191842,-0.20763364403817974
2022-10-31,momentum_12_1_equal,-0.05575674175185141,0.24055513981721716,-0.13142338951277321,0.9178205945220771,0.12936789246291505,0.9118036631178222,-0.20763364403817974
2022-11-30,momentum_12_1_equal,-0.055245354722031514,0.24063282489821583,-0.12906753136332444,0.8815157139929594,0.1303037968583021,0.4330511253370731,-0.20763364403817974
2022-12-30,momentum_12_1_equal,-0.04743987231581359,0.24000525664980102,-0.09578735959466028,0.9330337769842874,0.1091068898590965,1.5313515807207212,-0.18863079541490235
2023-01-31,momentum_12_1_equal,-0.03324032690204903,0.23765988311344746,-0.036800518835169514,0.7936690182186266,0.1523051829304288,0.4398172597988167,-0.179193078240927
2023-02-28,momentum_12_1_equal,-0.04050899445209544,0.23849706483714372,-0.06749597948593015,0.7980138699496354,0.15250435194722226,0.3566249979772974,-0.1791930782409269
2023-03-31,momentum_12_1_equal,-0.06884140591850263,0.23196912911260628,-0.20407805812942345,0.7733149865490113,0.15168587633647143,0.15734044695520696,-0.17919307824092678
2023-04-28,momentum_12_1_equal,0.08273771134252139,0.2128048459179303,0.4676401313063085,0.7212469208122397,0.1543350559689193,0.4413978741772151,-0.09283426832578434
2023-05-31,momentum_12_1_equal,0.09731288946183247,0.2128632290754953,0.5309380653665895,0.7209671014997697,0.15451442043507735,0.5125418111429845,-0.09283426832578445
2023-06-30,momentum_12_1_equal,0.2540019289461557,0.20363770333741454,1.2106485966349614,0.7092359027921226,0.15393452074059122,0.41617789489714735,-0.08170317355625778
2023-07-31,momentum_12_1_equal,0.2592262372410996,0.20453154449091823,1.2268780709601483,0.7712491265786019,0.14909976892142848,0.8614578821031961,-0.08170317355625767
2023-08-31,momentum_12_1_equal,0.28093068069114646,0.2002128676373243,1.3364301831262653,0.7615209334629514,0.14950422774958871,0.8050252984272747,-0.07336716604111293
2023-09-29,momentum_12_1_equal,0.28180446084490574,0.1999633105792229,1.3413438897959675,0.8719054755255669,0.14471642502612764,0.5274275291616131,-0.07336716604111293
2023-10-31,momentum_12_1_equal,0.06252884000667969,0.14156365498343917,0.49372085909873215,0.6189335305957617,0.1218990527058551,-0.16535080437619773,-0.10167699854612389
2023-11-30,momentum_12_1_equal,0.14048083215058038,0.17162981405207683,0.8468475147148531,0.7829517703660873,0.11999116794393168,0.16558610620067482,-0.101676998546124
2023-12-29,momentum_12_1_equal,0.2109229700279458,0.17178829359263006,1.2000895703701393,0.8975730061397114,0.11096734717085886,-0.2028955143614643,-0.101676998546124
2024-01-31,momentum_12_1_equal,0.29266448714906734,0.1643842391330931,1.652365367267467,1.1219809029629977,0.05306449478379107,1.6735080175905561,-0.101676998546124
2024-02-29,momentum_12_1_equal,0.5457805542307006,0.20368842016107153,2.2664203416483084,1.2770297132287791,0.1128973086782303,1.7803035378858854,-0.10167699854612422
2024-03-28,momentum_12_1_equal,0.5835617900935317,0.2036646212103523,2.389909004121245,1.301175870640512,0.10956642941787995,2.1002842310581413,-0.10167699854612411
2024-04-30,momentum_12_1_equal,0.43754418667702066,0.22148268080523317,1.7609205815246733,1.3208418972497142,0.11091517402035159,1.7098792664286873,-0.10167699854612389
2024-05-31,momentum_12_1_equal,0.5668470948794861,0.23283374584777927,2.0677419534370967,1.3674666102322808,0.11926426544876075,1.9749369696330865,-0.10167699854612411
2024-06-28,momentum_12_1_equal,0.5692419089165852,0.23305691135911977,2.0727697067887267,1.4543549082568343,0.11889221062828927,2.247668460006104,-0.101676998546124
2024-07-31,momentum_12_1_equal,0.43653174929738103,0.24149650310450899,1.6288095045822786,1.4687226227345922,0.13370246873259148,1.4758619123816443,-0.10167699854612411
2024-08-30,momentum_12_1_equal,0.4952851337163686,0.23550666033475984,1.8407350217736709,1.463059306112834,0.13375807645394155,1.4722762719550353,-0.08498935620324866
2024-09-30,momentum_12_1_equal,0.5989806947262215,0.2184538972956836,2.286678237436247,1.5641585069038253,0.13415525232442985,1.4463914197711092,-0.04772701431805515
2024-10-31,momentum_12_1_equal,0.7115808896423796,0.20099646368706486,2.8219831283044727,1.4071591882287335,0.13063130461467898,1.9109731601117932,-0.04772701431805504
2024-11-29,momentum_12_1_equal,0.6808523605337216,0.1958155864892506,2.795436650674289,1.6188626695593291,0.13057492588975958,2.004154521836927,-0.04772701431805504
2024-12-31,momentum_12_1_equal,0.5703709312673122,0.20757776585978277,2.3059901748677905,1.6610390172673777,0.13048965150474648,2.0093081304928093,-0.04772701431805504
2025-01-31,momentum_12_1_equal,0.6221880274795584,0.20953922379232112,2.4474218159965067,1.6720359650010366,0.13202624052601453,2.1604182544199686,-0.04772701431805504
2025-02-28,momentum_12_1_equal,0.29433917895979445,0.19665483805421,1.4151653962666046,1.6012033187107324,0.1208162404915091,0.9656225615878234,-0.07407444418046749
2025-03-31,momentum_12_1_equal,0.10223180648629926,0.23080889689230802,0.5293417199549163,1.6620513663075458,0.13235471671059817,0.3710031881073731,-0.17058852559368298
2025-04-30,momentum_12_1_equal,0.20553275982085606,0.22352135786747507,0.9458765905495246,1.6775485685216558,0.1390715168613868,0.7504105603874606,-0.17058852559368298
2025-05-30,momentum_12_1_equal,0.18271164947070861,0.2151083849599761,0.8853730812259489,1.5320140891982785,0.12915632384743272,0.5410935409536817,-0.17058852559368298
2025-06-30,momentum_12_1_equal,0.09937682413077731,0.20741799806720476,0.5546541112975085,1.2821722593052798,0.13780847984307448,-0.1484474235927841,-0.1705885255936831
2025-07-31,momentum_12_1_equal,0.12758390490199467,0.20385293185813105,0.6865910054306935,1.2619555011385044,0.13409694368079733,-0.04388030930314224,-0.17058852559368298
2025-08-29,momentum_12_1_equal,0.10890734568340443,0.2036268652440823,0.6042289427321399,1.2565848100561028,0.1347865923176046,-0.1412773803571791,-0.1705885255936831
2025-09-30,momentum_12_1_equal,0.17676888762814946,0.21545391409131212,0.860253770107133,1.319906404629933,0.14264164340167992,0.19726845480780497,-0.17058852559368298
2025-10-31,momentum_12_1_equal,0.1695582224888903,0.21512307151273016,0.8322757501426069,1.3969086202239958,0.1370536277481809,-0.0784236431003432,-0.17058852559368298
2025-11-28,momentum_12_1_equal,0.07011149525485205,0.20215414875075927,0.4296891208892722,1.3569920077359439,0.1338221095102143,-0.3506509118698966,-0.17058852559368298
2025-12-31,momentum_12_1_equal,0.1194461930956956,0.19974555996289836,0.660309089552105,1.3833607530102654,0.1363254980371621,-0.19336424479116698,-0.1705885255936831
2018-09-28,momentum_max_sharpe,,,,,,,
2018-10-31,momentum_max_sharpe,,,,,,,
2018-11-30,momentum_max_sharpe,,,,,,,
2018-12-31,momentum_max_sharpe,,,,,,,
2019-01-31,momentum_max_sharpe,,,,,,,
2019-02-28,momentum_max_sharpe,,,,,,,
2019-03-29,momentum_max_sharpe,,,,,,,
2019-04-30,momentum_max_sharpe,,,,,,,
2019-05-31,momentum_max_sharpe,,,,,,,
2019-06-28,momentum_max_sharpe,,,,,,,
2019-07-31,momentum_max_sharpe,,,,,,,
2019-08-30,momentum_max_sharpe,-0.07585728426686156,0.1923383029417538,-0.3174056671534062,0.7452971129871536,0.14086682880954016,-0.6095307499181671,-0.24032197900887364
2019-09-30,momentum_max_sharpe,-0.060693032090246235,0.19332006640913588,-0.23108326279667907,0.7488165722304541,0.1409333924448283,-0.584484040467496,-0.23880235553773876
2019-10-31,momentum_max_sharpe,0.08441929002189297,0.14811950275757424,0.6182349067772898,0.5715901367818559,0.1333477562587617,-0.26969157622283335,-0.13687946979566912
2019-11-29,momentum_max_sharpe,0.19273111701817447,0.1258872923704736,1.4692003334501125,0.5942149824462527,0.10138222290809122,0.4066842897601318,-0.07680902410376733
2019-12-31,momentum_max_sharpe,0.38958866390733315,0.09168274366720723,3.6792552296263104,0.3897956752343808,0.11003563472817286,0.6655517195781345,-0.028187757248031575
2020-01-31,momentum_max_sharpe,0.3588792089737194,0.09800995980597817,3.2131323241465393,0.6167902387251891,0.08059618847957868,1.6271446417486761,-0.028187757248031686
2020-02-28,momentum_max_sharpe,0.23534067833674333,0.13638448112577836,1.6260113685065842,0.7731476159675421,0.07875761148166763,1.9277473403961602,-0.07646204163816772
2020-03-31,momentum_max_sharpe,0.07461375553072513,0.16528183697190196,0.513586583284792,0.7639433087626567,0.0808047652054586,1.9552328561017653,-0.15482546986848
2020-04-30,momentum_max_sharpe,0.2898676430567917,0.2933132710520018,1.0000722580044825,1.110320717640907,0.13426078888317838,2.077371402939286,-0.15482546986847978
2020-05-29,momentum_max_sharpe,0.3725069809135215,0.28767939137122234,1.2360864779625558,1.1163846863143407,0.1374030889248188,1.6747229957421645,-0.1548254698684799
2020-06-30,momentum_max_sharpe,0.521882680253654,0.3203156830267333,1.4689701480292707,1.2084272509384144,0.186279181735164,2.1236482099462197,-0.1548254698684799
2020-07-31,momentum_max_sharpe,0.8306092699563405,0.36394464875397414,1.8568385139479304,1.3278812386615002,0.2216827277263864,2.5210378440407215,-0.15482546986848
2020-08-31,momentum_max_sharpe,1.4791013846907983,0.4946590268527398,2.10383132012942,1.6189735928091304,0.3559081051219649,2.3478166204326962,-0.1548254698684799
2020-09-30,momentum_max_sharpe,1.1688783783115575,0.5299390114961514,1.7242445637981945,1.7346357376358128,0.37787606716594424,2.024688741573065,-0.15482546986848
2020-10-30,momentum_max_sharpe,1.0276154932579407,0.5418697004646317,1.5638998656418805,1.7886928183604156,0.3817677149597479,1.9563321842178831,-0.15529003507472328
2020-11-30,momentum_max_sharpe,1.4499123567074337,0.5654400203804869,1.8774747741487063,1.8084415717778108,0.3803586679532747,2.3334167656123856,-0.15529003507472317
2020-12-31,momentum_max_sharpe,1.4497598891695342,0.5654416909143419,1.8773508484672987,1.797620486254574,0.3811207029066561,2.3061899012448133,-0.15529003507472317
2021-01-29,momentum_max_sharpe,1.5817181137134924,0.5579153288336222,1.9983966803751076,1.778804163651179,0.37175682632112034,2.5335082514292924,-0.15529003507472328
2021-02-26,momentum_max_sharpe,1.7466501902633547,0.5420857582562972,2.1665326752395457,1.8019693887237276,0.384348480063974,2.318618298733269,-0.15529003507472317
2021-03-31,momentum_max_sharpe,2.0307677370270834,0.5148581004475721,2.4649720664180297,2.2877338738930373,0.3980500469865669,2.055680781718913,-0.15529003507472328
2021-04-30,momentum_max_sharpe,1.6213415092090697,0.4906989710554424,2.2424585848427436,2.5263659760615984,0.3952428111787359,1.8316432646953325,-0.15529003507472317
2021-05-28,momentum_max_sharpe,1.5472858051540817,0.4952895840526544,2.162691173604093,2.633305684464454,0.3932903306741323,1.8676417860124725,-0.15529003507472317
2021-06-30,momentum_max_sharpe,1.3058627002490057,0.4876810550190499,1.9688552075383388,2.6928330116655452,0.3807346414504455,1.6276817186170074,-0.15529003507472317
2021-07-30,momentum_max_sharpe,0.8937732542953227,0.4691572158063302,1.5829857674789172,2.600394780332787,0.36698593349913106,1.1841431865823362,-0.15529003507472317
2021-08-31,momentum_max_sharpe,0.46939382127826956,0.30112562658692976,1.4282239856674497,1.9762168105923608,0.1933854369139678,0.843102734268996,-0.15529003507472317
2021-09-30,momentum_max_sharpe,0.5730097842740256,0.27263814633405914,1.8069886678751619,1.6789594905372673,0.1702321438660435,1.3743831347333448,-0.0499756184502832
2021-10-29,momentum_max_sharpe,0.7977530154305839,0.257596856129101,2.440435528843669,1.5780314010182357,0.16460806579321136,1.659390398280373,-0.0499756184502832
2021-11-30,momentum_max_sharpe,0.4944957231830045,0.15282731798898277,2.7420367362919342,0.9362053992530718,0.1137647009007932,1.577272954470394,-0.0499756184502832
2021-12-31,momentum_max_sharpe,0.3836412184999476,0.15052677471793863,2.253971787493215,0.7733646726451197,0.12639721393565492,0.7371326619983207,-0.04997561845028309
2022-01-31,momentum_max_sharpe,0.2036011859093929,0.19034675246237437,1.0682080798596627,1.1327487760692718,0.1223494561377386,-0.010896210852094345,-0.09501809749493961
2022-02-28,momentum_max_sharpe,0.2672269009281085,0.18977745278935554,1.3474679595585162,0.9574336348168105,0.13660415669730946,0.794323530117792,-0.09501809749493983
2022-03-31,momentum_max_sharpe,0.34787881344716154,0.19630039396492557,1.6300934808495047,1.0730766297715588,0.13131487735959765,1.3665031651891775,-0.09501809749493983
2022-04-29,momentum_max_sharpe,0.1999241394096345,0.19674337911787382,1.0236687663598276,0.8946297733985777,0.13540737021738147,1.4861546168262558,-0.09501809749493972
2022-05-31,momentum_max_sharpe,0.25837336251095344,0.19957590522107058,1.2543978411280665,0.8996182057414698,0.1386667618624832,1.8433915120896531,-0.09501809749493972
2022-06-30,momentum_max_sharpe,0.0859473704750835,0.22026025177976802,0.47715779167126987,0.9586386449472581,0.13910025496579168,1.5564489947258917,-0.09501809749493961
2022-07-29,momentum_max_sharpe,0.11038158673756815,0.2203826168247995,0.5789436549014362,0.7786384559620637,0.15994311091436092,1.0667814103369462,-0.09501809749493983
2022-08-31,momentum_max_sharpe,0.0015836055945352978,0.20790036458548536,0.10359964647658469,0.7349955362351279,0.1543514229509536,0.8811332346360755,-0.09501809749493972
2022-09-30,momentum_max_sharpe,-0.019076726988133008,0.21405636363783642,0.009070593072128205,0.7341662397149837,0.1540325716773861,1.0532440244019823,-0.15072488090419667
2022-10-31,momentum_max_sharpe,0.0247565660299216,0.23975450138203994,0.21085121221202135,0.8239758169531957,0.15996775126286228,1.2510347601114815,-0.15072488090419667
2022-11-30,momentum_max_sharpe,0.009382446783875453,0.23822829151037386,0.14715447103627105,0.7731366630184845,0.16569076749368972,0.7395852564176671,-0.15072488090419656
2022-12-30,momentum_max_sharpe,0.0033116727027702186,0.23850090341050714,0.1218769274601244,0.8064941106977869,0.15664688791360187,1.3989313053035168,-0.15072488090419667
2023-01-31,momentum_max_sharpe,0.08593303520268902,0.21727386560155615,0.47825430236031313,0.6430634243992411,0.17604738960251318,1.0204332858016743,-0.15072488090419645
2023-02-28,momentum_max_sharpe,0.1027238282899483,0.2206628937656451,0.5440232417015901,0.6432332526867044,0.18036598721948838,1.0563532677488257,-0.15072488090419667
2023-03-31,momentum_max_sharpe,0.0395600354320389,0.20946563571848015,0.2793897465560903,0.5942620488477709,0.18235417831809986,0.7114105367201612,-0.15072488090419667
2023-04-28,momentum_max_sharpe,0.07458477174096467,0.204639613003809,0.4443224613548442,0.5995113932410872,0.17950551134134277,0.33165029654923295,-0.15072488090419656
2023-05-31,momentum_max_sharpe,0.16806118364629463,0.24398165238798894,0.7483967196410293,0.601439053001992,0.22290453238377575,0.6674291301896913,-0.15072488090419667
2023-06-30,momentum_max_sharpe,0.3770964309129967,0.2246212955875178,1.5417235144148176,0.511672533680482,0.22240337798347157,0.7366541810537892,-0.09163049209442731
2023-07-31,momentum_max_sharpe,0.446516877363869,0.2287851464071231,1.7388615174120587,0.6463058389974085,0.20437595665381353,1.3471916939369823,-0.09163049209442731
2023-08-31,momentum_max_sharpe,0.48001181088877276,0.2237167529932555,1.8793063031167259,0.6217481611818795,0.20443451016058448,1.336449848892379,-0.06957240455463432
2023-09-29,momentum_max_sharpe,0.46137637016540767,0.22991371985621312,1.777696892839799,0.656567754253836,0.2117632205913106,1.0239019148651236,-0.08229917327258407
2023-10-31,momentum_max_sharpe,0.19586358580244445,0.222186635567833,0.9102209964900373,0.5543649264879857,0.21679183253240433,0.5175006076087423,-0.14656384378760934
2023-11-30,momentum_max_sharpe,0.21698942245457697,0.222960084456627,0.9876745672920119,0.5125398843102406,0.22145838636526205,0.4277850809414328,-0.14656384378760956
2023-12-29,momentum_max_sharpe,0.27145693298055806,0.22115003727704674,1.1960583536965492,0.5378756223003348,0.2174143199582613,0.16481082331024322,-0.14656384378760956
2024-01-31,momentum_max_sharpe,0.3805627398189262,0.22130164093608332,1.576683703564901,0.699485642261184,0.20300445042922374,0.8182270107222845,-0.14656384378760934
2024-02-29,momentum_max_sharpe,0.5838772985756708,0.28931285392292755,1.745389690895078,1.1519815299054448,0.24409921119433478,1.0008699771356317,-0.14656384378760934
2024-03-28,momentum_max_sharpe,0.6184182519883072,0.28769294685653335,1.831971915337117,1.1779857912880531,0.2404678742376283,1.1245831970164317,-0.14656384378760945
2024-04-30,momentum_max_sharpe,0.5255406496110815,0.3036712841757896,1.5477018197807617,1.2664301062432066,0.2406243588708177,1.120546339148146,-0.14656384378760956
2024-05-31,momentum_max_sharpe,0.4837379358603848,0.2931226851620913,1.4963166137220183,1.4183291790698687,0.2087790930847606,0.9230026021529822,-0.14656384378760934
2024-06-28,momentum_max_sharpe,0.4265114415359259,0.2895594921011017,1.3710751585000927,1.4516217563919858,0.2092357622407264,0.8658404793439328,-0.14656384378760934
2024-07-31,momentum_max_sharpe,0.2933805016606328,0.29160719838833565,1.0178638271979243,1.4481895146934358,0.21318490899433026,0.4727867515543407,-0.14656384378760945
2024-08-30,momentum_max_sharpe,0.37787497561669814,0.2925999949271165,1.2374330292978253,1.5025727653043288,0.21564099983101262,0.5819690262977478,-0.1456232978079952
2024-09-30,momentum_max_sharpe,0.5329035835450466,0.266762110189366,1.744774787082342,1.4561744424001135,0.2108407010088184,0.7586155628021197,-0.07002790957941885
2024-10-31,momentum_max_sharpe,0.6654337502787555,0.2419461424783995,2.2560490028109066,1.2217414152920476,0.1999310739991788,1.1417266787080627,-0.06289177410335067
2024-11-29,momentum_max_sharpe,0.6333645920712732,0.2436709627862869,2.158261118441683,1.6117235109187977,0.19549290591139637,1.228729116640755,-0.06289177410335067
2024-12-31,momentum_max_sharpe,0.5012986515359363,0.2610610879027481,1.694236136680751,1.7821669028356963,0.1984264203273721,1.1380579146338088,-0.06289177410335067
2025-01-31,momentum_max_sharpe,0.5388938981805198,0.2658822938589239,1.7641154797274043,1.8252482042062912,0.201882741791356,1.1959818888829785,-0.06289177410335067
2025-02-28,momentum_max_sharpe,0.2417889406012188,0.18811622986885174,1.2458146403597432,1.3729233435678307,0.12768021488543146,0.5695613774400263,-0.06289177410335067
2025-03-31,momentum_max_sharpe,0.15940388038224973,0.19451582514398416,0.851940551834288,1.1904156871611022,0.1288142634436611,0.719199569487082,-0.06289177410335067
2025-04-30,momentum_max_sharpe,0.20432459197505515,0.18187520519505568,1.1107828621749432,1.1393930324568917,0.1282647562921508,0.7403512760444096,-0.07762860794154292
2025-05-30,momentum_max_sharpe,0.10217530416615439,0.14817892097426555,0.7256648752694572,0.7631316424834544,0.12005162256680785,-0.10859730586960992,-0.07762860794154303
2025-06-30,momentum_max_sharpe,0.022423986403418583,0.15170128884190984,0.21423962202899513,0.5376711842206563,0.147837381606246,-0.6967258975037368,-0.095417276567615
2025-07-31,momentum_max_sharpe,0.088482868943357,0.1514684730779028,0.6297673816592179,0.554712328145847,0.14577366628523244,-0.3461386572857934,-0.09541727656761478
2025-08-29,momentum_max_sharpe,0.005529345206167324,0.13990858351469448,0.10214072994315107,0.5008298834011378,0.13981723171223293,-0.9139730186169196,-0.09541727656761478
2025-09-30,momentum_max_sharpe,0.05255298296890043,0.15503988096244967,0.4004644004372356,0.579490629159305,0.14666114754267365,-0.6485588986348965,-0.09541727656761478
2025-10-31,momentum_max_sharpe,0.09964976687504667,0.16307743437849892,0.6579540282700022,0.6353332271552559,0.1498188378503952,-0.5506150415976,-0.0954172765676149
2025-11-28,momentum_max_sharpe,0.14946699144653253,0.1713530086190555,0.8946406762299801,0.6605026546234667,0.1583102995721932,0.1232458555683118,-0.0954172765676149
2025-12-31,momentum_max_sharpe,0.20283523775964096,0.15907793188414385,1.2410657212328635,0.5406836766115699,0.15596209921303086,0.2511628315390234,-0.0954172765676149
2018-09-28,momentum_min_vol,,,,,,,
2018-10-31,momentum_min_vol,,,,,,,
2018-11-30,momentum_min_vol,,,,,,,
2018-12-31,momentum_min_vol,,,,,,,
2019-01-31,momentum_min_vol,,,,,,,
2019-02-28,momentum_min_vol,,,,,,,
2019-03-29,momentum_min_vol,,,,,,,
2019-04-30,momentum_min_vol,,,,,,,
2019-05-31,momentum_min_vol,,,,,,,
2019-06-28,momentum_min_vol,,,,,,,
2019-07-31,momentum_min_vol,,,,,,,
2019-08-30,momentum_min_vol,0.05678212197432253,0.1612414370595612,0.4181932083904164,0.7385042038033457,0.09655664083606753,0.4413645408738016,-0.14442532198399916
2019-09-30,momentum_min_vol,0.07271622796970822,0.16128350223493135,0.5114897772566875,0.737668285032082,0.09636648833213003,0.464835613142682,-0.14367796216933237
2019-10-31,momentum_min_vol,0.17396502602029473,0.13666039132143956,1.2448129210084227,0.6610910835702998,0.09654182921078738,0.4410648493472535,-0.07757687349407316
2019-11-29,momentum_min_vol,0.21901213901869587,0.13505239003100988,1.5413373518332296,0.6669452139063561,0.09149124831520714,0.7043099726543304,-0.06964619277752171
2019-12-31,momentum_min_vol,0.38806985156982265,0.10196721282852249,3.3068145056762375,0.5486721292181413,0.09360694494088186,0.7808913145818971,-0.047779869671952246
2020-01-31,momentum_min_vol,0.3431744430613064,0.10803838866557033,2.813925797514627,0.7540263481648729,0.07005278143204678,1.7163443452079432,-0.04777986967195236
2020-02-28,momentum_min_vol,0.22015931352344564,0.1464303524692864,1.4380421192633133,0.8742434871504285,0.06674741242507037,2.1069741665061983,-0.08013731222724507
2020-03-31,momentum_min_vol,0.12607936999089464,0.1490899063087121,0.8692519646066181,0.6413721102462653,0.10532361869635033,1.9245663451435984,-0.10843503184528147
2020-04-30,momentum_min_vol,0.2619508431423827,0.21962933671116755,1.1653913296989167,0.8266410185155132,0.10881242756246155,2.2196838011945013,-0.10843503184528136
2020-05-29,momentum_min_vol,0.34355105330129,0.20674638205683513,1.5358263489869988,0.7723467931651141,0.1204950401256652,1.5937755443400154,-0.10843503184528136
2020-06-30,momentum_min_vol,0.3233392904478729,0.2040785991945994,1.477385955780537,0.7861491806524918,0.11925140392790907,1.8998529442276308,-0.10843503184528136
2020-07-31,momentum_min_vol,0.4819938298944779,0.23493967839960728,1.8037594630911713,0.8642366162224072,0.13617009886217202,2.2534960020573047,-0.10843503184528125
2020-08-31,momentum_min_vol,0.6357930577227393,0.2594373915954076,2.0484591321345014,0.9466294058082877,0.14213452864662118,2.296237995179427,-0.10843503184528147
2020-09-30,momentum_min_vol,0.4551394565193727,0.29530909428442514,1.4203478055394998,1.0388822268890976,0.16417935186043922,1.649285248956779,-0.10843503184528147
2020-10-30,momentum_min_vol,0.41269354008094106,0.2988539878029916,1.3043372128687445,1.049957000512016,0.16188484232167213,1.7867076946584046,-0.11014951891966707
2020-11-30,momentum_min_vol,0.503348818881697,0.30537072804038234,1.4928499888328255,0.9972540715773912,0.1634815115077918,1.7237949633295149,-0.11014951891966707
2020-12-31,momentum_min_vol,0.3991131263799004,0.30857519510893683,1.239308709483161,0.9691371099907868,0.1792788614258005,1.114599921271283,-0.11014951891966718
2021-01-29,momentum_min_vol,0.43968845434773995,0.30590145158183835,1.3442354931272793,0.9570088649064267,0.17811965782052014,1.3368341117835814,-0.11014951891966707
2021-02-26,momentum_min_vol,0.7226827314350472,0.2899115675769869,2.0467666360458425,0.9325038778400891,0.1884261790883361,1.6456961359776237,-0.11014951891966718
2021-03-31,momentum_min_vol,0.8163763587029214,0.27857154023314135,2.319319440199648,1.2724700638196857,0.17755475338189078,1.09965732265932,-0.11014951891966707
2021-04-30,momentum_min_vol,0.6711214532000969,0.2487779688008516,2.219831500633356,1.2494848438112371,0.1749611028192806,1.0048912688171552,-0.11014951891966696
2021-05-28,momentum_min_vol,0.6397860875440273,0.25216764973655714,2.1146068769576813,1.315280991812001,0.17014972832462838,1.1554675520670605,-0.11014951891966718
2021-06-30,momentum_min_vol,0.5644570974250285,0.2557688840180285,1.8964002802126676,1.3355949088632328,0.1732842537550855,0.8343609469955723,-0.11014951891966707
2021-07-30,momentum_min_vol,0.3826091145191135,0.23146965274240178,1.5219310324245234,1.2350744941596112,0.15388422256342937,0.2870700077656074,-0.11014951891966718
2021-08-31,momentum_min_vol,0.28460497187294265,0.19912881036709915,1.361459105842371,1.0711824745185674,0.13797649800398873,0.029531697123562666,-0.11014951891966707
2021-09-30,momentum_min_vol,0.3560404439964402,0.1702632741473044,1.8869327464324588,0.8652589519963244,0.12222392931357064,0.5120559821444287,-0.047643621424773186
2021-10-29,momentum_min_vol,0.5141638533121609,0.1790750526742564,2.43633937414052,0.9516735622962511,0.12497433648183386,0.6464377253100391,-0.047643621424773186
2021-11-30,momentum_min_vol,0.433845389331297,0.16713816025706693,2.2626339077554802,0.9748165345080867,0.1288394227716768,1.0753877296743242,-0.047643621424773075
2021-12-31,momentum_min_vol,0.5161993810140253,0.15971663451601556,2.7223206728121188,1.0424409879256031,0.11068025293140313,1.7048055297890492,-0.047643621424773075
2022-01-31,momentum_min_vol,0.4067936433245163,0.18259716451750677,1.9776056635220836,1.1317066683839163,0.11006473582977253,1.4213644459909383,-0.052396604622682585
2022-02-28,momentum_min_vol,0.32455377377778616,0.16243909294703818,1.823916518705908,0.9043854692345452,0.10509182562994185,1.4184186344891372,-0.052396604622682585
2022-03-31,momentum_min_vol,0.3690176910475922,0.16540390235699412,1.9986301881237556,0.973133253558412,0.0988998398141404,1.9214938659071117,-0.052396604622682585
2022-04-29,momentum_min_vol,0.26839767079409893,0.1569087531019849,1.6010764819164007,0.685717960994105,0.12260770197945405,2.047662149726059,-0.052396604622682585
2022-05-31,momentum_min_vol,0.22432463325928986,0.16669571696285146,1.299716519995094,0.691951876152429,0.13375911557944908,1.659152150964952,-0.052396604622682585
2022-06-30,momentum_min_vol,0.18038964722439088,0.17441115806117524,1.0362785756430501,0.7152892779740743,0.12933909034310234,2.258730151513696,-0.07337481541420954
2022-07-29,momentum_min_vol,0.20518102932427418,0.1749457864575443,1.1542908812905752,0.5942061345368373,0.1511103942518871,1.621156155501862,-0.07337481541420954
2022-08-31,momentum_min_vol,0.0945197267525526,0.1734721094816313,0.6008977443912955,0.58971337750784,0.15062202262751145,1.4520105346428307,-0.0772025638956847
2022-09-30,momentum_min_vol,0.06415313114223409,0.184494135573566,0.42178367672826206,0.624526222072965,0.1492942274547422,1.5948967780594279,-0.14555048423352313
2022-10-31,momentum_min_vol,0.09893357368521905,0.20684111525182797,0.550240758176012,0.6947803055305494,0.1536517399921157,1.7141693427530915,-0.1455504842335228
2022-11-30,momentum_min_vol,0.10580051984046257,0.20789694044171886,0.5786294764761408,0.6809896180261266,0.15429334223127558,1.3466646411554788,-0.1455504842335229
2022-12-30,momentum_min_vol,0.03338407334944171,0.20745339759602022,0.2507586673113384,0.6841059225441968,0.1536494325837607,1.5756076121855218,-0.14555048423352313
2023-01-31,momentum_min_vol,0.06985724741436372,0.20003921463934143,0.42724768939034796,0.5559065199627462,0.18351858264966156,0.8783783371101306,-0.14555048423352301
2023-02-28,momentum_min_vol,0.00791719255221679,0.19694303974170158,0.12701479026656842,0.5858787975105826,0.17057938498357353,0.5598515676255879,-0.14555048423352301
2023-03-31,momentum_min_vol,-0.04754469253018345,0.18786939287125146,-0.17622464478334562,0.5396786866886079,0.17556577827325848,0.21700650516952652,-0.14555048423352301
2023-04-28,momentum_min_vol,-0.03262972370728845,0.1888054027357915,-0.09237991052232442,0.6383033184000807,0.14909235925792086,-0.3275469442291123,-0.1455504842335229
2023-05-31,momentum_min_vol,0.02433472946238524,0.18470524714226075,0.21169623230909745,0.6358828520390586,0.144685917110928,0.036488103870981885,-0.11014964212235945
2023-06-30,momentum_min_vol,0.08272579664805968,0.18042237556124074,0.5216154215691288,0.6502006736765844,0.14069187171121003,-0.6280281896176269,-0.10525472194410379
2023-07-31,momentum_min_vol,0.066549056109799,0.17895632397254027,0.4398470353587786,0.7133114929251085,0.12887957226935975,-0.33968678099631544,-0.1052547219441039
2023-08-31,momentum_min_vol,0.12362295808696211,0.17366349016955726,0.7510133321887935,0.678298818672104,0.13441950479977904,-0.12492411271540958,-0.07406600589006418
2023-09-29,momentum_min_vol,0.13488031729799732,0.16889633812613974,0.8271366332125827,0.7110299287927887,0.13311918629273262,-0.3920681257307364,-0.06478925384224998
2023-10-31,momentum_min_vol,-0.03531190596812994,0.10412781100448458,-0.29636544774040186,0.4464761360707288,0.11477876845462431,-1.0534084197946498,-0.0958625088575189
2023-11-30,momentum_min_vol,-0.07327753056730346,0.09143293860356938,-0.7868615160757064,0.3004177119034225,0.13777483963979734,-1.4329210791148106,-0.0958625088575189
2023-12-29,momentum_min_vol,-0.0026009905840890246,0.1033595054083826,0.02281746537014441,0.3612889274808797,0.12916381134710717,-1.7521758775779197,-0.0958625088575189
2024-01-31,momentum_min_vol,0.06242055890759568,0.11000758248453855,0.6028136551941918,0.45315421571787756,0.11800346950482499,-0.9873005750625401,-0.0958625088575189
2024-02-29,momentum_min_vol,0.1607316812068147,0.12669668650101543,1.2418672809833797,0.5376129331534764,0.12108140756636174,-0.8532410818099334,-0.09586250885751879
2024-03-28,momentum_min_vol,0.17752873579555373,0.12565323027532072,1.3671322881913812,0.5524001023178141,0.11773268808463402,-0.7205703126893962,-0.0958625088575189
2024-04-30,momentum_min_vol,0.0863935055642886,0.1472286443805688,0.6326736560841075,0.6725995216787131,0.11810290882666458,-0.9078029579123998,-0.09586250885751901
2024-05-31,momentum_min_vol,0.10337621663527319,0.14913394685652742,0.7311673749476364,0.6934009119485736,0.11543715501074128,-1.1855699408311824,-0.0958625088575189
2024-06-28,momentum_min_vol,0.10083768821039207,0.1489645269131471,0.7162450905856198,0.7401295298928183,0.1099114097244055,-0.9930536152165619,-0.09586250885751901
2024-07-31,momentum_min_vol,0.08840813403109404,0.1488771806998492,0.6396726431738975,0.7428526488975665,0.10965995837647045,-0.9191391296502169,-0.0958625088575189
2024-08-30,momentum_min_vol,0.14120296424704448,0.16028115677122665,0.9022491274302175,0.8264620119413914,0.1138142101248516,-0.8080096628745789,-0.0958625088575189
2024-09-30,momentum_min_vol,0.24263497040617255,0.13661539628448374,1.6669908172302914,0.7065283082903983,0.11355589166742107,-0.6847390717436945,-0.06259499155210224
2024-10-31,momentum_min_vol,0.28795924566025044,0.12605882806590915,2.086319928215078,0.6049504076093151,0.1148528075865095,-0.47518792452912095,-0.06259499155210224
2024-11-29,momentum_min_vol,0.34223107503167527,0.12617623636266687,2.4192970259476656,1.049516098431137,0.07390656778185356,0.264659216084219,-0.06259499155210235
2024-12-31,momentum_min_vol,0.23340140150742372,0.13731570119895087,1.6038768332880629,1.0897483689673708,0.07495304239074388,0.05015274897182948,-0.06259499155210235
2025-01-31,momentum_min_vol,0.289101081216534,0.154359351976659,1.7325109286536289,1.1481529219574613,0.09584013004745648,0.41559101284893524,-0.06259499155210235
2025-02-28,momentum_min_vol,0.17795582627397755,0.14768791936194986,1.1833568840940147,1.097339210107038,0.09354986539448695,0.1403666570892729,-0.06259499155210235
2025-03-31,momentum_min_vol,0.12969343816174717,0.15398842212050076,0.8655247046532308,0.9794107373873855,0.09466530789032844,0.6360094137593093,-0.06259499155210235
2025-04-30,momentum_min_vol,0.14914222783608677,0.14621139689051482,1.0219390619290079,0.9262810810524924,0.10145334850049427,0.417494872420265,-0.09063121081291148
2025-05-30,momentum_min_vol,0.11873739502441927,0.14463728149323515,0.844155944732405,0.7538085622267297,0.1168017859734599,0.013106820305065638,-0.09063121081291137
2025-06-30,momentum_min_vol,0.10686090566014883,0.14442910843518267,0.7705701672795509,0.6820480322783108,0.12355816217073881,-0.1959384673157162,-0.09063121081291148
2025-07-31,momentum_min_vol,0.15637950729232863,0.14943979815427957,1.0452180789467886,0.7033730160626033,0.12664961856733878,0.08171658195496993,-0.09063121081291148
2025-08-29,momentum_min_vol,0.062403477607280156,0.1398671348830759,0.49655464141686556,0.6477950744633444,0.12252332471997801,-0.5927676817970124,-0.09063121081291159
2025-09-30,momentum_min_vol,0.08635972973264838,0.14393976918211504,0.642033791006248,0.6752678645880434,0.12306495703948263,-0.526487402835151,-0.09063121081291137
2025-10-31,momentum_min_vol,0.13993475186825943,0.1501662275085734,0.9444914967602811,0.711551760915552,0.126747360308807,-0.3783844918356062,-0.09063121081291137
2025-11-28,momentum_min_vol,0.15513948284773038,0.15413405302195818,1.0106196277028927,0.6511190889712875,0.14038867423523851,0.156583970980536,-0.09063121081291148
2025-12-31,momentum_min_vol,0.19869249383638388,0.14546477749349265,1.3205997563872256,0.5685514438838507,0.13966387698434052,0.24234229091113468,-0.09063121081291137
2018-09-28,ml,,,,,,,
2018-10-31,ml,,,,,,,
2018-11-30,ml,,,,,,,
2018-12-31,ml,,,,,,,
2019-01-31,ml,,,,,,,
2019-02-28,ml,,,,,,,
2019-03-29,ml,,,,,,,
2019-04-30,ml,,,,,,,
2019-05-31,ml,,,,,,,
2019-06-28,ml,,,,,,,
2019-07-31,ml,,,,,,,
2019-08-30,ml,-0.06400756595351298,0.20759843994682847,-0.22129567826918778,1.0206209583991765,0.08183275479807665,-0.8646175261817461,-0.1813774683122762
2019-09-30,ml,-0.02154515739550744,0.2088900689846116,-0.006809945345755724,1.0274260131520119,0.0807312736872117,-0.4846054708326043,-0.16578252071277022
2019-10-31,ml,0.07858292373747888,0.19994434581032824,0.4731708801667136,1.0728934777111563,0.08188788597718136,-0.402105525940379,-0.11103271185161856
2019-11-29,ml,0.15217600297551281,0.20370657934845623,0.7951399962008823,1.0967126709182005,0.07888833475347734,0.23136695908352237,-0.09963337994637789
2019-12-31,ml,0.3777678497773198,0.17047101759790126,1.9842888499337752,1.1207778795330745,0.09058948718898398,0.8187918219007859,-0.09551654223253758
2020-01-31,ml,0.40977827297351865,0.1779699550715932,2.039742660610966,1.1356875077143598,0.12142692110745452,1.4760779102432782,-0.09551654223253758
2020-02-28,ml,0.3725615759385579,0.18520771389307455,1.8179913864278336,0.9646879890783524,0.11493501708112275,2.321034046922907,-0.09551654223253758
2020-03-31,ml,0.2172921825849019,0.20359882608131286,1.0674121705148838,0.8415295038599286,0.12063569357677197,2.4074919634525647,-0.09551654223253758
2020-04-30,ml,0.39493044181686754,0.25058523066997684,1.4590008932745666,0.9561932753484396,0.10936329056671674,3.211124424360669,-0.09551654223253758
2020-05-29,ml,0.5915171148049803,0.20977012773470402,2.3505365973395036,0.826973452460481,0.10058424466089884,3.654527312445328,-0.09194575183860765
2020-06-30,ml,0.5112045570359627,0.20231505252311596,2.1648019715040365,0.8204739517071244,0.10106532763431532,3.5920261438302865,-0.09194575183860787
2020-07-31,ml,0.638964053506436,0.211429592972591,2.4782064996072783,0.8484589947694602,0.09816247386022728,4.146699657451139,-0.09194575183860776
2020-08-31,ml,1.0704146779867272,0.29807176775819694,2.6409183486991425,1.0181866880182555,0.1849166600328107,3.147964124341462,-0.09194575183860765
2020-09-30,ml,0.8836056457949821,0.3247244968012173,2.139122023126109,1.0974477638982598,0.19658373533761975,2.77725052279803,-0.09194575183860776
2020-10-30,ml,0.7290396025934649,0.3420426841463049,1.7826442894703702,1.148960266503709,0.20621753154531516,2.4691157427401853,-0.1138102583253413
2020-11-30,ml,1.0017311422374822,0.3821988761086082,2.0305687423069294,1.2425414903559193,0.21618315326453014,2.784754502234493,-0.1138102583253412
2020-12-31,ml,1.0101151271257032,0.38237965510949046,2.041401804724989,1.2396121663346542,0.21626323661122707,2.7651246018641134,-0.1138102583253412
2021-01-29,ml,0.898063873985619,0.3828843827708509,1.8800212851529012,1.2527696603276754,0.21148218152215154,2.5852940960077517,-0.1138102583253412
2021-02-26,ml,0.984201080700057,0.3740511700201726,2.042127676428297,1.3203351408484654,0.21872300713631734,2.1971678421623233,-0.1138102583253413
2021-03-31,ml,1.3031324479972493,0.34731324343933734,2.632491285045403,1.7285125938187131,0.21759591418614982,2.129874930090437,-0.1138102583253413
2021-04-30,ml,1.0886687366959462,0.33394232033333265,2.4132098917369396,2.0079597086592,0.22041801689691645,1.9483190600377582,-0.1138102583253412
2021-05-28,ml,0.9822203844170163,0.3439813286852162,2.189885753397717,2.105344280479695,0.2238735208209628,1.861081441823258,-0.1138102583253413
2021-06-30,ml,1.0207632785441905,0.342909663415689,2.255520050817835,2.1003950681815495,0.2231700183380987,1.9401398781908354,-0.1138102583253413
2021-07-30,ml,0.8993356125281728,0.34114611420256097,2.0728646197623495,2.1303651019624383,0.22375985725355585,1.7833601280895168,-0.1138102583253412
2021-08-31,ml,0.5948803362526431,0.2591882820151214,1.9471524785601195,1.8113632973825329,0.1408887578879877,1.6867779753427923,-0.1138102583253413
2021-09-30,ml,0.6282904246085514,0.25083916446228066,2.089902821923895,1.6742579998977203,0.13322375457778596,1.9931852631173699,-0.05044261581243514
2021-10-29,ml,0.8561152592692802,0.23083846135159633,2.8465286924936066,1.5371146293067084,0.12456403647624947,2.4211549026573866,-0.04718350174453556
2021-11-30,ml,0.5754977962172221,0.1427867119570289,3.3090181594309054,1.061260584426811,0.08359873755138182,2.7854928828032812,-0.04718350174453556
2021-12-31,ml,0.5002603772485781,0.13544770568131867,3.1071263732321466,0.9542477485072621,0.08510328071707088,2.053288055934363,-0.04718350174453556
2022-01-31,ml,0.45461296490407177,0.140450129825585,2.7734942747481073,0.8514712365295367,0.08896975833588684,2.077948170139583,-0.04718350174453556
2022-02-28,ml,0.41412882558855735,0.14712451163480936,2.4558104855764697,0.8852011202707016,0.08385283952951343,2.553268064094737,-0.04718350174453556
2022-03-31,ml,0.39289898710246574,0.1411002250957565,2.4450738196041604,0.8589195682038261,0.0810871703114213,2.5214182292287304,-0.04718350174453567
2022-04-29,ml,0.14446257111570437,0.21023320275024596,0.7451686136766633,1.1568596204598565,0.10142759128843294,1.5429275058596263,-0.1323753923916391
2022-05-31,ml,0.13537527388748072,0.21173138769270647,0.7031685379969058,1.166032569505322,0.10243671498782748,1.5048549489899443,-0.15703127851895282
2022-06-30,ml,0.02119236176431749,0.21400223340208172,0.19899924079610012,1.0552817537687862,0.10239892829368652,1.5038227569087566,-0.19862249554466738
2022-07-29,ml,0.11223985340564835,0.24711895388145907,0.546429521430791,1.1052840639492825,0.10551756688129316,1.687570295094635,-0.19862249554466738
2022-08-31,ml,0.02317858169542064,0.24316646712304985,0.20604771409766814,1.0852265704114115,0.10402487685242318,1.5820221467930726,-0.19862249554466727
2022-09-30,ml,-0.00874604445395366,0.2516844950139465,0.08095320120988284,1.0588943996947882,0.1030154535248575,1.7537847662447623,-0.19862249554466727
2022-10-31,ml,-0.016224596830387017,0.2489449329434372,0.049040307917304383,1.0173777474683445,0.10508253499888062,1.539561509862114,-0.19862249554466727
2022-11-30,ml,-0.050741025748606616,0.24593754563056316,-0.0982199141494096,0.9332307619704147,0.11837542660228383,0.5349938559005343,-0.19862249554466727
2022-12-30,ml,-0.14370205439576567,0.25241012710356137,-0.49513988142644866,0.9716125439708247,0.11807383851718574,0.5512834891211386,-0.19862249554466727
2023-01-31,ml,-0.0949251976426071,0.26071885988352733,-0.2613350327500102,0.9974356495261338,0.10767281376923743,0.07056083297474874,-0.19862249554466727
2023-02-28,ml,-0.12628107645831088,0.26412303501003326,-0.3872993812610003,1.014545545646598,0.10820176585849521,-0.29398994169240045,-0.19862249554466727
2023-03-31,ml,-0.10040988012214558,0.2760404082954871,-0.2557938646903769,1.0397609381165838,0.1239768740920238,0.0048129149134037,-0.19862249554466727
2023-04-28,ml,0.07043915846892612,0.2405712289018026,0.391438102436828,0.9604021501486126,0.1149076486137009,0.5463154596547474,-0.10136659262378622
2023-05-31,ml,0.15978878885943315,0.24090376032173483,0.7275386139067312,0.9579598367837325,0.11665280327966905,1.2125272068667095,-0.10136659262378656
2023-06-30,ml,0.2894261662056157,0.23345456633304923,1.2059243699718474,0.9851023587553092,0.11531039262236577,0.8590639021849336,-0.10136659262378644
2023-07-31,ml,0.23976201676030096,0.21527945168460416,1.1056818755701638,0.938648119247984,0.12101808236757855,0.9547208983284567,-0.10136659262378656
2023-08-31,ml,0.24904296953587002,0.21376468408917804,1.147686336653424,0.9581980124726078,0.1209339963908954,0.8113431815360067,-0.07899286732916733
2023-09-29,ml,0.29733921121430607,0.19846314291630449,1.4160183442055174,0.985224407951143,0.12059405894706343,0.7391351899774271,-0.07128850242153972
2023-10-31,ml,0.1529213438666126,0.2010612195684539,0.8029572076719311,1.0753547307729452,0.1239453976773532,0.5760158989401015,-0.10023520929432683
2023-11-30,ml,0.219252326551856,0.2050783086049868,1.067792290571847,1.0464435968515677,0.11390768452336701,0.8208895306801746,-0.10023520929432683
2023-12-29,ml,0.3373150294525069,0.18048936689097042,1.7115139848946814,0.935615250787134,0.11718953017399218,0.6846512568640012,-0.10023520929432672
2024-01-31,ml,0.3122845210911147,0.1780916293706137,1.623705160330665,0.9645933687095035,0.11677123134873721,0.9107494217054161,-0.10023520929432683
2024-02-29,ml,0.5950396522845585,0.20359078993709942,2.4277162525956553,1.0460575037707973,0.14577363133915644,1.6025433866839724,-0.10023520929432683
2024-03-28,ml,0.48665206849008213,0.19277156330351253,2.175596700214567,0.9945416548863196,0.1377213584404844,1.1819075179745746,-0.10023520929432683
2024-04-30,ml,0.43463944186825176,0.19663730343004285,1.9491373071069036,0.926791803065215,0.13984648330028748,1.3079431464870797,-0.10023520929432694
2024-05-31,ml,0.4382804245371503,0.19696259689516696,1.9594822361075388,0.948379786489067,0.13463027879210554,1.0402118570627918,-0.10023520929432694
2024-06-28,ml,0.4232688927881101,0.19575496794823782,1.9152181139234363,0.9902661305369368,0.13296189711511758,1.1963609883959756,-0.10023520929432694
2024-07-31,ml,0.32394552730464343,0.18717939030665617,1.5981352282628591,0.9619283594476302,0.1255013761793604,0.8216050086995762,-0.10023520929432683
2024-08-30,ml,0.36209270218964096,0.18234041229160441,1.7958812970906761,0.9392883501899804,0.12692485341190685,0.7160553532386923,-0.08468542988998529
2024-09-30,ml,0.47408634713676134,0.16637079337675206,2.4421011026930386,0.9107277389102585,0.1273053024503362,0.7918093674905418,-0.04533401488543465
2024-10-31,ml,0.5167333798330638,0.1538502725155629,2.820364815049945,0.8225996288416544,0.12398229856568063,0.9383451053086238,-0.017714417457977416
2024-11-29,ml,0.6194520259283403,0.17931319006464527,2.8193099383122835,1.3084263188876972,0.1294891482306099,1.6977617255104966,-0.017714417457977305
2024-12-31,ml,0.5780825086413848,0.1848346359386186,2.5943075921365084,1.3762597009841802,0.12039556689067529,2.184794135021535,-0.017714417457977305
2025-01-31,ml,0.5940509776995448,0.1848253948327894,2.651102518912469,1.3703562933682687,0.12041376458672202,2.1790872761042763,-0.017714417457977305
2025-02-28,ml,0.3592178055505224,0.1415403441560775,2.257678254476837,1.1228980308658865,0.08009188592861513,1.9716894052811171,-0.017714417457977416
2025-03-31,ml,0.21221231872621882,0.1797383635239076,1.1599639496549337,1.2974363479571018,0.08814582046731513,1.5362868566947905,-0.09653761263095506
2025-04-30,ml,0.16775373376993574,0.18794267069634632,0.9149108010224019,1.5257535799369388,0.0929989553317604,0.6977271321898769,-0.1329078641160547
2025-05-30,ml,0.14537638732820723,0.18417750788917173,0.8238104600776779,1.3466917850679105,0.0982075235088034,0.3173060007460784,-0.1329078641160547
2025-06-30,ml,0.14004640395710344,0.18328116906801087,0.8012843077411022,1.2788097507047576,0.09830689738673037,0.1155337602299073,-0.1329078641160547
2025-07-31,ml,0.180581031779111,0.1863091036314879,0.9810216980833844,1.2924101297643342,0.10096941796332125,0.36570943111290316,-0.1329078641160547
2025-08-29,ml,0.22451768406763883,0.18922943626300776,1.1647831308147727,1.3189024277651598,0.1029196003319932,0.7610961643056118,-0.1329078641160546
2025-09-30,ml,0.23926543305573378,0.1910200763966817,1.219285294273195,1.3160711828510836,0.1026493174592795,0.7374781112904375,-0.1329078641160546
2025-10-31,ml,0.24731776230048785,0.18976944253363634,1.260953964060889,1.2823180891590973,0.10968551327794192,0.45129542486262647,-0.1329078641160547
2025-11-28,ml,0.13052009654959362,0.1482467397224382,0.9008590037958997,1.0536471446490343,0.08453078041445346,-0.0028258691736411054,-0.1329078641160546
2025-12-31,ml,0.1671166085761393,0.1473495740140578,1.1244136391092818,1.0890602673511283,0.08659737181183697,0.085771482067329,-0.1329078641160547
2018-09-28,benchmark,,,,,,,
2018-10-31,benchmark,,,,,,,
2018-11-30,benchmark,,,,,,,
2018-12-31,benchmark,,,,,,,
2019-01-31,benchmark,,,,,,,
2019-02-28,benchmark,,,,,,,
2019-03-29,benchmark,,,,,,,
2019-04-30,benchmark,,,,,,,
2019-05-31,benchmark,,,,,,,
2019-06-28,benchmark,,,,,,,
2019-07-31,benchmark,,,,,,,
2019-08-30,benchmark,0.008595474523136248,0.1869725829747868,0.1327114170628849,1.0,0.0,,-0.1397160878047652
2019-09-30,benchmark,0.021537556944893232,0.187583104317982,0.20097911845590835,0.9999999999999999,0.0,,-0.1397160878047653
2019-10-31,benchmark,0.12015166259771637,0.17040732968616276,0.7484150698524036,1.0000000000000002,0.0,,-0.09177689467997252
2019-11-29,benchmark,0.1379661649001176,0.17191888197840033,0.83599365559048,1.0,0.0,,-0.09177689467997252
2019-12-31,benchmark,0.28878070225158425,0.1296016887848353,2.0377034487127372,1.0000000000000002,0.0,,-0.0657777313668354
2020-01-31,benchmark,0.192825673253344,0.11539217253326478,1.592632408909713,1.0000000000000002,0.0,,-0.0657777313668354
2020-02-28,benchmark,0.060955500312092514,0.15064735249100045,0.4642493848859805,1.0000000000000002,0.0,,-0.08560163678303367
2020-03-31,benchmark,-0.08813499261221347,0.198446335879455,-0.36838975940717694,1.0000000000000002,0.0,,-0.20001050382463903
2020-04-30,benchmark,-0.011338110345330499,0.2360379565747774,0.06111280630877174,1.0,0.0,,-0.20001050382463903
2020-05-29,benchmark,0.1061931766668398,0.22763599458604256,0.5512506630696107,1.0000000000000002,0.0,,-0.20001050382463892
2020-06-30,benchmark,0.05388951810161591,0.2189169081937871,0.3423341124633911,1.0000000000000002,0.0,,-0.20001050382463903
2020-07-31,benchmark,0.09755140143431484,0.22431380459832592,0.5212157806898882,1.0000000000000002,0.0,,-0.20001050382463914
2020-08-31,benchmark,0.19609019269561934,0.22963988466360985,0.8930164253734889,1.0,0.0,,-0.20001050382463903
2020-09-30,benchmark,0.12975940493049665,0.2364427347752816,0.6287486099216573,1.0000000000000002,0.0,,-0.20001050382463914
2020-10-30,benchmark,0.07650874315595924,0.2395297248578906,0.4198455291535681,1.0000000000000002,0.0,,-0.20001050382463903
2020-11-30,benchmark,0.15302545872069495,0.25863572964132775,0.6730086444425849,1.0000000000000002,0.0,,-0.20001050382463903
2020-12-31,benchmark,0.16258923055706131,0.25928248087307115,0.704234707193952,1.0000000000000002,0.0,,-0.20001050382463903
2021-01-29,benchmark,0.15151664467863046,0.2601293354667533,0.6653888295651087,1.0000000000000002,0.0,,-0.1987059226914264
2021-02-26,benchmark,0.2900697781948405,0.23689674051060605,1.1958336297368386,1.0000000000000002,0.0,,-0.12511928240892822
2021-03-31,benchmark,0.53714506265113,0.1726964866927043,2.610632171237817,1.0000000000000004,0.0,,-0.06580848376294779
2021-04-30,benchmark,0.4356293610537334,0.14445435230788736,2.60586324460259,1.0000000000000009,0.0,,-0.0658084837629479
2021-05-28,benchmark,0.38097295688181054,0.14574887103796064,2.3096779673810914,1.0000000000000009,0.0,,-0.06580848376294801
2021-06-30,benchmark,0.3861606320225206,0.145522171524021,2.3395649315386806,1.0000000000000007,0.0,,-0.06580848376294768
2021-07-30,benchmark,0.343655875713923,0.14260648550153923,2.1605279838663147,1.0000000000000007,0.0,,-0.06580848376294779
2021-08-31,benchmark,0.29207987294652304,0.1343342648364962,1.9878104241359182,1.000000000000001,0.0,,-0.0658084837629479
2021-09-30,benchmark,0.28086233692016105,0.1386872513006409,1.8652749327071618,1.0000000000000009,0.0,,-0.047569168801901096
2021-10-29,benchmark,0.40839029768796764,0.13494172002566554,2.634466760105884,1.0000000000000013,0.0,,-0.047569168801901096
2021-11-30,benchmark,0.26103443691858974,0.10925560436549964,2.193206799066425,1.0000000000000013,0.0,,-0.047569168801901096
2021-12-31,benchmark,0.26892738661371185,0.11055256033693468,2.226195286196336,1.0000000000000013,0.0,,-0.04756916880190121
2022-01-31,benchmark,0.21573991356507904,0.12962133064866535,1.57893059269546,1.0000000000000013,0.0,,-0.052585165027393854
2022-02-28,benchmark,0.14766935268444858,0.13773064637310067,1.0688335891848801,1.0000000000000009,0.0,,-0.08229656032898613
2022-03-31,benchmark,0.1403311641516658,0.13629157482010515,1.0312141240396253,1.0000000000000009,0.0,,-0.08229656032898636
2022-04-29,benchmark,-0.011776547476852972,0.1606628449586692,0.0010193009481212368,1.0000000000000007,0.0,,-0.1330730221284674
2022-05-31,benchmark,-0.01711657479886497,0.16055277274090382,-0.032821277925059414,1.0000000000000009,0.0,,-0.13307302212846728
2022-06-30,benchmark,-0.11916698480221033,0.1783141729147659,-0.6247599663806899,1.0000000000000009,0.0,,-0.20578330167889247
2022-07-29,benchmark,-0.06028533936374103,0.2030966593220427,-0.21189526168113396,1.0000000000000004,0.0,,-0.2057833016788927
2022-08-31,benchmark,-0.12551853186991924,0.2031589268813063,-0.5634296560786665,1.0000000000000004,0.0,,-0.2057833016788927
2022-09-30,benchmark,-0.16759447743453149,0.2172005680185838,-0.7379919351762648,1.0000000000000002,0.0,,-0.2476952223905885
2022-10-31,benchmark,-0.15924851391322437,0.2218570614200541,-0.6741849419605449,1.0000000000000004,0.0,,-0.24769522239058828
2022-11-30,benchmark,-0.10661044286799326,0.23159199250566603,-0.3777595658348876,1.0000000000000004,0.0,,-0.2476952223905884
2022-12-30,benchmark,-0.1944282720342927,0.22970672462722214,-0.827448471023331,1.0,0.0,,-0.24769522239058828
2023-01-31,benchmark,-0.09720847427606394,0.2380578510724525,-0.31812626583548503,1.0000000000000002,0.0,,-0.20854404049026332
2023-02-28,benchmark,-0.09231723445491069,0.23751265491769105,-0.2967608493317364,1.0000000000000002,0.0,,-0.20854404049026332
2023-03-31,benchmark,-0.0929496630841058,0.23737566460961335,-0.299972337568605,1.0000000000000002,0.0,,-0.2085440404902632
2023-04-28,benchmark,0.009087715205739144,0.2202561000647108,0.14252917609434648,1.0000000000000002,0.0,,-0.132262816711044
2023-05-31,benchmark,0.011538830126710975,0.2202386594117961,0.15357017803257647,1.0000000000000002,0.0,,-0.132262816711044
2023-06-30,benchmark,0.1756758953095907,0.2060823915710012,0.8854204067731863,1.0000000000000002,0.0,,-0.13187207598588646
2023-07-31,benchmark,0.11105029369296049,0.19008838458018673,0.6443954788132561,1.0000000000000004,0.0,,-0.13187207598588646
2023-08-31,benchmark,0.1397370812262959,0.18413281202575263,0.7995089641054451,1.0000000000000004,0.0,,-0.09339567201327437
2023-09-29,benchmark,0.19590187039974927,0.16000387173061115,1.1992968437117497,1.0000000000000004,0.0,,-0.06557262621845261
2023-10-31,benchmark,0.08311505375598327,0.14758254846960248,0.6101604607521541,1.0000000000000004,0.0,,-0.08611104904242173
2023-11-30,benchmark,0.11952856281464097,0.16312690709675304,0.7691889304824827,1.0000000000000002,0.0,,-0.08611104904242173
2023-12-29,benchmark,0.2423050079762994,0.14706481570671984,1.5549342331464837,1.0000000000000004,0.0,,-0.08611104904242173
2024-01-31,benchmark,0.18864980284174782,0.1394957636582987,1.310570023086102,1.0000000000000002,0.0,,-0.08611104904242162
2024-02-29,benchmark,0.2836467500944244,0.135998313346981,1.916583333563804,1.0000000000000004,0.0,,-0.08611104904242195
2024-03-28,benchmark,0.2786453255499406,0.13562636254695712,1.8921046268051156,1.0000000000000004,0.0,,-0.08611104904242184
2024-04-30,benchmark,0.20775011871867033,0.14962291409715509,1.339112099911143,1.0000000000000007,0.0,,-0.08611104904242206
2024-05-31,benchmark,0.26261347159653003,0.15181728620887988,1.6197147480040333,1.0000000000000002,0.0,,-0.08611104904242195
2024-06-28,benchmark,0.2269694103097335,0.1450894755165989,1.4876546564442386,1.0,0.0,,-0.08611104904242184
2024-07-31,benchmark,0.2033880991978252,0.14448190665786614,1.3567471728509766,1.0,0.0,,-0.08611104904242184
2024-08-30,benchmark,0.2530669364042639,0.1396662880677802,1.693869856975451,1.0000000000000002,0.0,,-0.06962821967120203
2024-09-30,benchmark,0.3438463271041008,0.11817862349183955,2.5850086752024484,1.0,0.0,,-0.04161507173789869
2024-10-31,benchmark,0.3604488676200994,0.11340900270845933,2.800268980418712,1.0000000000000004,0.0,,-0.04161507173789869
2024-11-29,benchmark,0.320631406967977,0.0975493877844579,2.928749688476958,1.0000000000000004,0.0,,-0.04161507173789858
2024-12-31,benchmark,0.233090023434241,0.10593926708686033,2.0434195632344068,1.0000000000000004,0.0,,-0.04161507173789858
2025-01-31,benchmark,0.24658815781027865,0.10627686507797159,2.1415664392666875,1.0000000000000004,0.0,,-0.04161507173789869
2025-02-28,benchmark,0.16840355341840585,0.10455588363309587,1.5459315017136497,1.0000000000000004,0.0,,-0.04161507173789869
2025-03-31,benchmark,0.06803886177273721,0.12403395266814125,0.5891351120342089,1.0000000000000002,0.0,,-0.07096723346243872
2025-04-30,benchmark,0.1059179821223375,0.11402619665395444,0.9389323518148499,1.0000000000000002,0.0,,-0.07805105567413473
2025-05-30,benchmark,0.12016655656650377,0.11973375122397838,1.0069468278568294,1.0000000000000004,0.0,,-0.07805105567413484
2025-06-30,benchmark,0.13633787093929506,0.12394247387190663,1.0932697640605187,1.0000000000000004,0.0,,-0.0780510556741345
2025-07-31,benchmark,0.14796196529164862,0.12437614470452521,1.172634874286161,1.0000000000000004,0.0,,-0.07805105567413473
2025-08-29,benchmark,0.14373271675477106,0.1240798608076004,1.1450652929769494,1.0000000000000004,0.0,,-0.07805105567413473
2025-09-30,benchmark,0.16069122732005137,0.12609696008185706,1.2467100332493526,1.0000000000000007,0.0,,-0.07805105567413473
2025-10-31,benchmark,0.19888877497034163,0.12380316716457283,1.532997619132635,1.0000000000000007,0.0,,-0.07805105567413473
2025-11-28,benchmark,0.13538768724835726,0.1157345697984693,1.155992400731352,1.0000000000000007,0.0,,-0.07805105567413473
2025-12-31,benchmark,0.1638780638006747,0.10983603319036792,1.4408230269990352,1.0000000000000007,0.0,,-0.07805105567413484
