strategy,start_date,date,observations,annual_return,annual_volatility,sharpe,max_drawdown,annual_active_return,tracking_error,information_ratio
momentum_3m_equal,2018-09-28,2020-08-31,24,0.5706215915954194,0.32747883991576454,1.5511305874764325,-0.2056512969213642,0.39301965266265604,0.21904596006259877,1.7942337423175443
momentum_3m_equal,2018-10-31,2020-09-30,24,0.5063580105559162,0.3381872257613695,1.3841108008569951,-0.2015653064460189,0.3749069280086325,0.22412289372407487,1.6727739044374146
momentum_3m_equal,2018-11-30,2020-10-30,24,0.5743119754117487,0.32201098548010243,1.5787559093079917,-0.12700038200309205,0.3943262973731013,0.21771617558116488,1.8111943052485593
momentum_3m_equal,2018-12-31,2020-11-30,24,0.7134556479266954,0.3295271155611132,1.8176222989525834,-0.12700038200309205,0.44006224514316417,0.21206982949011993,2.075081807729119
momentum_3m_equal,2019-01-31,2020-12-31,24,0.8239875966333248,0.3177237260701843,2.08036142737103,-0.12700038200309205,0.43763741917999943,0.21225785841801306,2.0618196303391128
momentum_3m_equal,2019-02-28,2021-01-29,24,0.8590914211070222,0.31595354440157014,2.1540619646656514,-0.12700038200309216,0.5021512787103467,0.1976576060304838,2.540510779195121
momentum_3m_equal,2019-03-29,2021-02-26,24,0.9416347332076938,0.3143890786516169,2.3095344782904426,-0.12700038200309205,0.5494789018407388,0.19169620201820078,2.866404738621623
momentum_3m_equal,2019-04-30,2021-03-31,24,0.9198806095380319,0.31535529631094894,2.2654798574687365,-0.12700038200309205,0.5255603686936152,0.1968295430769776,2.6701294962010604
momentum_3m_equal,2019-05-31,2021-04-30,24,0.9069756572686221,0.3155202200001484,2.241804279233736,-0.12700038200309205,0.5119079648192677,0.19948113022513173,2.566197435524529
momentum_3m_equal,2019-06-28,2021-05-28,24,1.007880572810321,0.29830376108763385,2.536707239504291,-0.12700038200309205,0.5256505857418032,0.1955136069852689,2.688562672680928
momentum_3m_equal,2019-07-31,2021-06-30,24,0.9982613106194942,0.2982513902539676,2.5199923911001543,-0.12700038200309205,0.543890586710688,0.19312708703942189,2.816231503557379
momentum_3m_equal,2019-08-30,2021-07-30,24,0.9922438685823818,0.298748088685467,2.5055446791173486,-0.12700038200309205,0.5360160853072813,0.19510784410789406,2.7472810627278825
momentum_3m_equal,2019-09-30,2021-08-31,24,1.0292488192231186,0.2983536385964579,2.5740754320215133,-0.12700038200309194,0.5319331507223183,0.19494529798422572,2.7286277546707502
momentum_3m_equal,2019-10-31,2021-09-30,24,0.9337430390151946,0.31044393517697394,2.320537133840822,-0.12700038200309205,0.5167202324772523,0.19822359015345098,2.606754484051284
momentum_3m_equal,2019-11-29,2021-10-29,24,1.0541591173469889,0.3197472561764992,2.4615209063917813,-0.12700038200309216,0.5590320758198115,0.20161111970227588,2.7728236252313265
momentum_3m_equal,2019-12-31,2021-11-30,24,1.0838752970621015,0.3196410249593612,2.5101496356083874,-0.12700038200309183,0.5955046942568052,0.20220175409407726,2.945101524587853
momentum_3m_equal,2020-01-31,2021-12-31,24,0.9745400958286379,0.3227910526264761,2.3109610378109853,-0.12700038200309205,0.5316038906251873,0.21366515954181944,2.4880232779417626
momentum_3m_equal,2020-02-28,2022-01-31,24,0.7994004066175096,0.33820091653308165,1.9302018872303284,-0.12700038200309216,0.46392092811075913,0.21645060223412496,2.143310867802329
momentum_3m_equal,2020-03-31,2022-02-28,24,0.8321907480420798,0.33528987093069307,2.000992559837384,-0.12700038200309194,0.45566242203048435,0.21554420106950326,2.1140091905490594
momentum_3m_equal,2020-04-30,2022-03-31,24,0.9545307967164167,0.32153056644561606,2.2855399980703996,-0.12700038200309205,0.4391745697327814,0.21568338659168848,2.0362002687030567
momentum_3m_equal,2020-05-29,2022-04-29,24,0.7697275873005274,0.30402559062879614,2.057426619051704,-0.12700038200309194,0.43721431753650586,0.21522101554371964,2.031466659665914
momentum_3m_equal,2020-06-30,2022-05-31,24,0.7276554917224773,0.30480815351779417,1.9699110175817802,-0.12700038200309205,0.43476323534782263,0.2154232614631747,2.0181814739730077
momentum_3m_equal,2020-07-31,2022-06-30,24,0.6106811569652082,0.3106606134894994,1.7023247489991313,-0.12700038200309194,0.41431774459066484,0.21339983653882688,1.9415091937771098
momentum_3m_equal,2020-08-31,2022-07-29,24,0.5161869160066108,0.2954583454179768,1.563604278381188,-0.12700038200309205,0.3294448915623289,0.2120605337086707,1.5535417449006383
momentum_3m_equal,2020-09-30,2022-08-31,24,0.310917339816442,0.23224316646845036,1.286570334078686,-0.12700038200309205,0.22251452444151765,0.15572746369003446,1.4288714345493903
momentum_3m_equal,2020-10-30,2022-09-30,24,0.3159490395221274,0.23055471180801693,1.3112569805471377,-0.1299065480701379,0.253117682344433,0.14840865396893888,1.7055453005955377
momentum_3m_equal,2020-11-30,2022-10-31,24,0.3741528900269584,0.22464155623754017,1.5377505916103258,-0.1299065480701378,0.24247929306348454,0.15207822060752957,1.5944379944400733
momentum_3m_equal,2020-12-31,2022-11-30,24,0.3023238165511959,0.20233283872201327,1.4147921073153336,-0.12990654807013813,0.2101918813792366,0.15120525730853288,1.3901096107415238
momentum_3m_equal,2021-01-29,2022-12-30,24,0.2517625803387942,0.2037500583605352,1.207733409915702,-0.1299065480701378,0.21805519744306856,0.15166036289544002,1.4377863357310006
momentum_3m_equal,2021-02-26,2023-01-31,24,0.23028406501917376,0.20278989371910197,1.1255313280860355,-0.12990654807013802,0.1637810637938008,0.15570076048323778,1.051896363803778
momentum_3m_equal,2021-03-31,2023-02-28,24,0.21113916408943534,0.1976381342510122,1.0694229747147468,-0.12990654807013802,0.17299541949613745,0.15953338571846232,1.0843838029077644
momentum_3m_equal,2021-04-30,2023-03-31,24,0.2383935980901033,0.2010589454404826,1.1670540016093205,-0.1299065480701379,0.19997681486204086,0.1581794327421961,1.2642403085865592
momentum_3m_equal,2021-05-28,2023-04-28,24,0.20806182456992084,0.20088387338083666,1.0422051878002085,-0.12990654807013802,0.1935838728518225,0.15944371309159344,1.214120451024726
momentum_3m_equal,2021-06-30,2023-05-31,24,0.2661560830120824,0.2104361343555817,1.2307407221247346,-0.12990654807013802,0.24471604847804762,0.17081773494734448,1.4326149948861147
momentum_3m_equal,2021-07-30,2023-06-30,24,0.26487864600592936,0.21023426243137686,1.2268350271725443,-0.1299065480701379,0.22238975791351945,0.17127405684717623,1.2984439208557574
momentum_3m_equal,2021-08-31,2023-07-31,24,0.2873966135580601,0.21104729842387784,1.3083254256033312,-0.12990654807013802,0.23639010862046356,0.1700080333053125,1.3904643446815093
momentum_3m_equal,2021-09-30,2023-08-31,24,0.2415147154108528,0.20771995197290466,1.1478165670435811,-0.1299065480701378,0.2220493674307536,0.16873459503545782,1.315968236294947
momentum_3m_equal,2021-10-29,2023-09-29,24,0.23392777903902484,0.2101531315208261,1.1072672023152008,-0.1299065480701379,0.21689573457946204,0.16986412950082447,1.2768777917789245
momentum_3m_equal,2021-11-30,2023-10-31,24,0.10836352969131946,0.18391481402711957,0.6499650285810649,-0.1299065480701379,0.14930002450753121,0.16151188205964648,0.9243903457975592
momentum_3m_equal,2021-12-31,2023-11-30,24,0.0861083240035152,0.17786817447929937,0.5514341916137679,-0.1299065480701378,0.07908793267636414,0.1578488899200168,0.5010357229400763
momentum_3m_equal,2022-01-31,2023-12-29,24,0.11859373677356588,0.1799005400368402,0.712418044458551,-0.1219495061327519,0.10886157175149039,0.151677290311044,0.7177183316516823
momentum_3m_equal,2022-02-28,2024-01-31,24,0.20136038065288742,0.1669055712826235,1.1874819001146482,-0.1219495061327518,0.14465408943462538,0.14933091870808643,0.9686814404282654
momentum_3m_equal,2022-03-31,2024-02-29,24,0.27573068046453186,0.19241343203370634,1.3688509584051387,-0.1219495061327518,0.1683014890727599,0.159460911648887,1.0554404043753287
momentum_3m_equal,2022-04-29,2024-03-28,24,0.26244820149776604,0.19108121652802118,1.3212182480508807,-0.12194950613275168,0.15975342258808378,0.15963781447436837,1.000724190030389
momentum_3m_equal,2022-05-31,2024-04-30,24,0.22355330966381293,0.19989202372269968,1.1119404549100678,-0.12194950613275168,0.10639064020939126,0.15293760925301103,0.6956473344197817
momentum_3m_equal,2022-06-30,2024-05-31,24,0.2599015880708082,0.20428747382415974,1.2380895146342445,-0.12194950613275168,0.11306478550781116,0.1535912588143893,0.7361407568411608
momentum_3m_equal,2022-07-29,2024-06-28,24,0.3163540632777333,0.1979647935207086,1.4977829466494055,-0.1219495061327518,0.09735199735883422,0.15243526167152666,0.6386448666228686
momentum_3m_equal,2022-08-31,2024-07-31,24,0.2806089407250716,0.1995692900589783,1.3460930157373796,-0.12194950613275168,0.10938007051177476,0.1484937690596401,0.7365970384107096
momentum_3m_equal,2022-09-30,2024-08-30,24,0.3189096775640379,0.19525814153754467,1.5260643514103909,-0.1219495061327518,0.10608031452599388,0.1485718190284884,0.7140002405547256
momentum_3m_equal,2022-10-31,2024-09-30,24,0.4119047602710726,0.18101533239055978,2.0180079244364517,-0.12194950613275168,0.1165979225596126,0.14980830031442577,0.7783141676054702
momentum_3m_equal,2022-11-30,2024-10-31,24,0.3769271103817444,0.1831478126828268,1.8555507601005676,-0.12194950613275168,0.13602768895542064,0.1455872506002382,0.9343379203508229
momentum_3m_equal,2022-12-30,2024-11-29,24,0.36953433677884706,0.18281053098846273,1.8283873632433534,-0.1219495061327519,0.12866188958335487,0.14705236664434115,0.874939264966301
momentum_3m_equal,2023-01-31,2024-12-31,24,0.39781705054658856,0.1789108487621868,1.981960510225601,-0.12194950613275168,0.13201699344071774,0.14768428706807463,0.8939136049041215
momentum_3m_equal,2023-02-28,2025-01-31,24,0.4386745496304534,0.18093934277697177,2.125681404577959,-0.12194950613275168,0.17941042943780217,0.1426037761269117,1.2581043385424382
momentum_3m_equal,2023-03-31,2025-02-28,24,0.33732692230520733,0.19728712678529564,1.5843926410395457,-0.1219495061327518,0.10143610437469769,0.14464425868900216,0.7012798523361663
momentum_3m_equal,2023-04-28,2025-03-31,24,0.2657259918972361,0.20008116071513973,1.283624909699879,-0.12218788977093331,0.09198314950909987,0.14345480160845697,0.6411995170447976
momentum_3m_equal,2023-05-31,2025-04-30,24,0.22239515118681297,0.21011334067389373,1.0630670108459683,-0.1857236654768809,0.0696521911669239,0.15122914663279644,0.4605738557531389
momentum_3m_equal,2023-06-30,2025-05-30,24,0.16526884467385927,0.19981281604036907,0.8649908906337814,-0.18572366547688102,-0.010396843521625163,0.13849859180046892,-0.07506822550660736
momentum_3m_equal,2023-07-31,2025-06-30,24,0.14504405481259153,0.19726116231495272,0.7838531794290061,-0.18572366547688113,-0.02104900725173161,0.13974145444403324,-0.15062822507090606
momentum_3m_equal,2023-08-31,2025-07-31,24,0.1443933079950217,0.19714754811377305,0.7812804732924117,-0.18572366547688102,-0.016909081899216333,0.14048295832123447,-0.12036393667444906
momentum_3m_equal,2023-09-29,2025-08-29,24,0.12978681173491702,0.198724280770237,0.7111711108462769,-0.18572366547688102,-0.04800106127343162,0.14259482695011597,-0.33662554455936794
momentum_3m_equal,2023-10-31,2025-09-30,24,0.20934091021459222,0.19220599091082224,1.0875587882665285,-0.18572366547688113,-0.02231424155055038,0.14375415670387856,-0.15522501792080928
momentum_3m_equal,2023-11-30,2025-10-31,24,0.2778118004898411,0.18632738098475857,1.4172470445645955,-0.18572366547688102,0.010389093577565473,0.14386861216634989,0.07221237086483431
momentum_3m_equal,2023-12-29,2025-11-28,24,0.2703368014727645,0.18603371086164858,1.386987844574451,-0.18572366547688113,0.04828348450928875,0.1390430560280035,0.34725563353242445
momentum_3m_equal,2024-01-31,2025-12-31,24,0.24046313082854676,0.18518512955271713,1.2614367249272271,-0.18572366547688102,0.04623299498074494,0.13902962228708507,0.33254060695984267
momentum_12_1_equal,2018-09-28,2020-08-31,24,0.4635859148192478,0.3114596191488706,1.3837241769301842,-0.19295816279847255,0.31603141247177524,0.18556754708961024,1.703053240872792
momentum_12_1_equal,2018-10-31,2020-09-30,24,0.3957506484763531,0.3218679243939305,1.1968050398926369,-0.19295816279847267,0.29203149021489627,0.191267595619734,1.5268215678075159
momentum_12_1_equal,2018-11-30,2020-10-30,24,0.4585357447747531,0.30513196768604006,1.3932704853367848,-0.1341952402711446,0.3110809158939968,0.1839795751260993,1.6908448434060268
momentum_12_1_equal,2018-12-31,2020-11-30,24,0.5370682366674246,0.3149469891898516,1.5310072228433074,-0.1341952402711447,0.3232925270521759,0.18396457043806955,1.7573629872443846
momentum_12_1_equal,2019-01-31,2020-12-31,24,0.6825231981150446,0.29872445902593187,1.9131378999393274,-0.1341952402711446,0.34815831910437156,0.18252665027088538,1.9074382759321684
momentum_12_1_equal,2019-02-28,2021-01-29,24,0.6370444480654103,0.29763275026391267,1.8228474268611634,-0.1341952402711446,0.364106859081809,0.18195482620583908,2.001083822145546
momentum_12_1_equal,2019-03-29,2021-02-26,24,0.5863079337609474,0.30244663809643246,1.6897821414588192,-0.1341952402711447,0.33445541289647396,0.1914183933326518,1.7472480417033318
momentum_12_1_equal,2019-04-30,2021-03-31,24,0.5448863117293485,0.30409307416123804,1.5915745650216857,-0.13419524027114482,0.29511609918935516,0.19829077248251398,1.4882997100401107
momentum_12_1_equal,2019-05-31,2021-04-30,24,0.5889467810106985,0.30535542494234813,1.6820359862429353,-0.1341952402711446,0.31819219878569827,0.19616441539483562,1.622068906561099
momentum_12_1_equal,2019-06-28,2021-05-28,24,0.6051418385970995,0.3034084000245183,1.7257982776621086,-0.1341952402711447,0.2925629696099738,0.19736894661938426,1.482315098809167
momentum_12_1_equal,2019-07-31,2021-06-30,24,0.6171911655437234,0.30418414390961684,1.747756132927735,-0.1341952402711447,0.3239390556930525,0.19751440935371514,1.6400780922921527
momentum_12_1_equal,2019-08-30,2021-07-30,24,0.6076705601159431,0.30458097250525407,1.7256103940533976,-0.1341952402711447,0.31307749329089024,0.19863347629492922,1.5761567442238968
momentum_12_1_equal,2019-09-30,2021-08-31,24,0.6360319314946234,0.3044925157003472,1.7860149613939091,-0.1341952402711447,0.30777656823024024,0.19830389890274192,1.5520449670088892
momentum_12_1_equal,2019-10-31,2021-09-30,24,0.6443821441682456,0.3036310030280003,1.8077826397708097,-0.1341952402711447,0.34522240909362834,0.19512739397324663,1.769215495908077
momentum_12_1_equal,2019-11-29,2021-10-29,24,0.7806693676188368,0.3174344641300702,2.0036412795785807,-0.1341952402711447,0.4079923158718649,0.20184220308197603,2.021342958222484
momentum_12_1_equal,2019-12-31,2021-11-30,24,0.7976861406128875,0.3163118817563628,2.0413670483639326,-0.1341952402711447,0.43886654435300076,0.19700556635154348,2.2276860115204675
momentum_12_1_equal,2020-01-31,2021-12-31,24,0.74937815720555,0.32067863623006576,1.928312676767397,-0.1341952402711447,0.40401502406232237,0.2090605730524957,1.9325261485860032
momentum_12_1_equal,2020-02-28,2022-01-31,24,0.6801265222554203,0.32768519049319705,1.7644155606946799,-0.1341952402711447,0.38929772987097533,0.20981187126155937,1.855460930452606
momentum_12_1_equal,2020-03-31,2022-02-28,24,0.6929668449139164,0.3258428944008692,1.7970647166707459,-0.12883192076603422,0.3703106536150045,0.21014349856025835,1.762179920635605
momentum_12_1_equal,2020-04-30,2022-03-31,24,0.836555199620957,0.306546178168465,2.169486561820593,-0.12883192076603422,0.36935141363303975,0.21017969696542702,1.7573125233585012
momentum_12_1_equal,2020-05-29,2022-04-29,24,0.5881003592533764,0.3038183417835234,1.6880778651588535,-0.12911525119527667,0.32457299229793757,0.20884935407649666,1.55410101090882
momentum_12_1_equal,2020-06-30,2022-05-31,24,0.5289931818451954,0.30363133872491826,1.558956473826043,-0.12911525119527667,0.3076663366460406,0.20940116387461122,1.4692675577976742
momentum_12_1_equal,2020-07-31,2022-06-30,24,0.37867339486959817,0.30082035961660397,1.2161461493009862,-0.18329310772214313,0.2513140156873075,0.19424654693716542,1.2937888454130522
momentum_12_1_equal,2020-08-31,2022-07-29,24,0.3399282161326249,0.2944846848130012,1.1370700484986087,-0.18329310772214313,0.20231467342577036,0.1954276284522928,1.0352408972468228
momentum_12_1_equal,2020-09-30,2022-08-31,24,0.1699589619732531,0.23927626443505995,0.7708795599774609,-0.18329310772214313,0.10817053761146117,0.14404866242314854,0.7509305243925556
momentum_12_1_equal,2020-10-30,2022-09-30,24,0.19030837620727858,0.2335321150977493,0.8588990857598136,-0.20763364403817963,0.15138172724114962,0.1411546607005003,1.0724529143415882
momentum_12_1_equal,2020-11-30,2022-10-31,24,0.31651307018677377,0.24838280756344344,1.233545817515391,-0.20763364403817974,0.2034281804715588,0.14594091796685296,1.3939077765549117
momentum_12_1_equal,2020-12-31,2022-11-30,24,0.24717753674893705,0.23201269231860439,1.0672994472314847,-0.20763364403817963,0.17155999636696095,0.1479921431859077,1.1592507052989112
momentum_12_1_equal,2021-01-29,2022-12-30,24,0.19095453350474356,0.2290891961441526,0.8732241304780471,-0.20763364403817985,0.17202565879366857,0.14808679605710703,1.1616542688068552
momentum_12_1_equal,2021-02-26,2023-01-31,24,0.15659247177670865,0.2312714216483267,0.7385573900153091,-0.20763364403817974,0.10634190295143227,0.16470418229842396,0.645653932204063
momentum_12_1_equal,2021-03-31,2023-02-28,24,0.15778024268817226,0.23107004548402993,0.743507367458575,-0.2076336440381794,0.1334389392647118,0.157591183892893,0.8467411435617088
momentum_12_1_equal,2021-04-30,2023-03-31,24,0.17512149217152917,0.2308530507107903,0.8093582235558002,-0.20763364403817963,0.1521729830520979,0.15269015302536834,0.9966129448230722
momentum_12_1_equal,2021-05-28,2023-04-28,24,0.15618673987928533,0.22678768569830185,0.7474955469021924,-0.20763364403817952,0.153744443020649,0.15290520762422183,1.00548859917505
momentum_12_1_equal,2021-06-30,2023-05-31,24,0.16773612088670586,0.2264146852772706,0.7929086771169345,-0.20763364403817952,0.165249897103169,0.15205253108648312,1.086794780214343
momentum_12_1_equal,2021-07-30,2023-06-30,24,0.16144586225424717,0.22481422727898415,0.7727418240005826,-0.20763364403817952,0.1381903568997651,0.1486271644028283,0.9297786003992108
momentum_12_1_equal,2021-08-31,2023-07-31,24,0.18516927320252163,0.22719650707910635,0.8571748078918224,-0.20763364403817963,0.15501868439683636,0.1487139579032216,1.042394988221063
momentum_12_1_equal,2021-09-30,2023-08-31,24,0.13984907000535207,0.22591243491763058,0.6858250781947568,-0.20763364403817974,0.13856137859330853,0.1482856719324772,0.9344218951673451
momentum_12_1_equal,2021-10-29,2023-09-29,24,0.11162292940103358,0.22986766410627577,0.5675145134026418,-0.20763364403817974,0.1146533001248935,0.14587650812725392,0.7859613696324347
momentum_12_1_equal,2021-11-30,2023-10-31,24,0.0016414996746754174,0.19360755545260785,0.09885553646549793,-0.20763364403817974,0.04890100590995443,0.12460153999427566,0.3924590812617645
momentum_12_1_equal,2021-12-31,2023-11-30,24,0.038014722450864014,0.20605289596339021,0.27732295698159787,-0.20763364403817974,0.03814853807174402,0.12261903727858123,0.3111143173068095
momentum_12_1_equal,2022-01-31,2023-12-29,24,0.07400043712539284,0.20689276765480138,0.44267344795371505,-0.18863079541490235,0.07228311563584526,0.11119352537666499,0.6500658684126455
momentum_12_1_equal,2022-02-28,2024-01-31,24,0.11789798149095998,0.20407284716939936,0.6440759275658162,-0.179193078240927,0.07789515283984269,0.11158498468585024,0.6980791641379357
momentum_12_1_equal,2022-03-31,2024-02-29,24,0.21785160768264888,0.22805285052028682,0.976848096393172,-0.1791930782409269,0.1276891711311778,0.1329896420888898,0.9601437309368109
momentum_12_1_equal,2022-04-29,2024-03-28,24,0.21430933872085145,0.22753872839730496,0.9655501411369709,-0.17919307824092678,0.12699348376964542,0.13292984505182492,0.9553421484854276
momentum_12_1_equal,2022-05-31,2024-04-30,24,0.24759099974167165,0.2166884792271966,1.1295697374284623,-0.10167699854612411,0.12888736100271578,0.13265203148281365,0.9716199560759412
momentum_12_1_equal,2022-06-30,2024-05-31,24,0.311229008612564,0.22482970406108552,1.322016808190256,-0.10167699854612411,0.15736725394419737,0.13693971277672187,1.149171783358289
momentum_12_1_equal,2022-07-29,2024-06-28,24,0.40279448985392907,0.21685476128316805,1.682248066109138,-0.101676998546124,0.16564720838171446,0.13780600357286943,1.2020318715223683
momentum_12_1_equal,2022-08-31,2024-07-31,24,0.34496039694301617,0.21986478899837386,1.465189285812133,-0.10167699854612411,0.16288477617547964,0.13886973125077276,1.1729321768567418
momentum_12_1_equal,2022-09-30,2024-08-30,24,0.3839640906319286,0.21516440215779192,1.6291632581159852,-0.101676998546124,0.15864176385286885,0.13919050273333133,1.1397456057530253
momentum_12_1_equal,2022-10-31,2024-09-30,24,0.4316356335691556,0.2076299876188253,1.8488498373063915,-0.10167699854612411,0.13518421617995796,0.13756792358239334,0.9826725057676129
momentum_12_1_equal,2022-11-30,2024-10-31,24,0.34855628627407254,0.18515560645493975,1.7204490075335295,-0.10167699854612389,0.11473840528571488,0.1298085786892533,0.8839046420836741
momentum_12_1_equal,2022-12-30,2024-11-29,24,0.3845504320405835,0.1895792037927474,1.827031485699297,-0.101676998546124,0.14078059921939512,0.12771638085725961,1.102290859437495
momentum_12_1_equal,2023-01-31,2024-12-31,24,0.37898449307298754,0.1906200776805806,1.7963313108953576,-0.101676998546124,0.11983957036605095,0.12567795880658744,0.9535448499006772
momentum_12_1_equal,2023-02-28,2025-01-31,24,0.44808316563698103,0.18758281283603886,2.090953002101817,-0.101676998546124,0.18701787878245493,0.1025768947413116,1.8231969222123052
momentum_12_1_equal,2023-03-31,2025-02-28,24,0.414483769229955,0.1976592006867044,1.8717638694867076,-0.10167699854612422,0.15882718284123498,0.1150277253135051,1.3807730476140043
momentum_12_1_equal,2023-04-28,2025-03-31,24,0.32115562012106347,0.21955740184148065,1.3866913285689861,-0.17058852559368298,0.13961233291019917,0.12178595213096634,1.1463746882732637
momentum_12_1_equal,2023-05-31,2025-04-30,24,0.3164370895447972,0.21920084945820212,1.3718857213885163,-0.17058852559368298,0.14700614564580824,0.12365993886567656,1.1887936141185633
momentum_12_1_equal,2023-06-30,2025-05-30,24,0.36129655551364137,0.2233784227530471,1.5039305716598137,-0.1705885255936831,0.15271252979902972,0.1240054546839671,1.231498486806276
momentum_12_1_equal,2023-07-31,2025-06-30,24,0.31346419293318917,0.22247985497801429,1.344208335777434,-0.17058852559368298,0.12338647909383293,0.13282449306115654,0.928943723030224
momentum_12_1_equal,2023-08-31,2025-07-31,24,0.27271759608659196,0.22172693348442257,1.2026400686724534,-0.17058852559368298,0.09572108291425507,0.1343404206425971,0.712526300397064
momentum_12_1_equal,2023-09-29,2025-08-29,24,0.28768500366715166,0.2201180893263696,1.2641909729923502,-0.1705885255936831,0.08894327273779176,0.13512745991621075,0.6582176027947488
momentum_12_1_equal,2023-10-31,2025-09-30,24,0.37172545849082383,0.21718802884353508,1.5766955903540092,-0.1705885255936831,0.11108985123218945,0.13761141886687753,0.8072720428793448
momentum_12_1_equal,2023-11-30,2025-10-31,24,0.41484751932358255,0.21149462259159912,1.7642300687025625,-0.1705885255936831,0.1194423361004544,0.13645030239920353,0.8753541326058035
momentum_12_1_equal,2023-12-29,2025-11-28,24,0.3411560061504362,0.20613976573229595,1.5384064871060363,-0.17058852559368298,0.10738374171618678,0.13707537288954091,0.7833919357835307
momentum_12_1_equal,2024-01-31,2025-12-31,24,0.3258754695503403,0.2056783739404655,1.484273931520806,-0.17058852559368298,0.11791672036996245,0.13726615143117749,0.859037127074139
momentum_max_sharpe,2018-09-28,2020-08-31,24,0.5136193333285417,0.4013780657621916,1.220333109449936,-0.24032197900887364,0.37487215037459176,0.2975411997956563,1.2598999756404974
momentum_max_sharpe,2018-10-31,2020-09-30,24,0.42732006687247726,0.41491592064657085,1.0472861907210562,-0.23880235553773876,0.3413540501239251,0.30561895440963166,1.1169269614946606
momentum_max_sharpe,2018-11-30,2020-10-30,24,0.48283018368124875,0.4041547210056091,1.1616870346025712,-0.15529003507472317,0.3554508505499352,0.30254137873433584,1.1748834226807023
momentum_max_sharpe,2018-12-31,2020-11-30,24,0.7094112149545195,0.42094738692280254,1.4806518168444307,-0.15529003507472317,0.4643829250329231,0.2994616646805571,1.5507257849791605
momentum_max_sharpe,2019-01-31,2020-12-31,24,0.8450361978250913,0.41028458417862285,1.7047394738232156,-0.15529003507472317,0.47608556105343114,0.2989508646873868,1.5925211039321603
momentum_max_sharpe,2019-02-28,2021-01-29,24,0.8730304504081385,0.40911590082643523,1.7474939352442764,-0.15529003507472328,0.5364953216198188,0.28894943944224577,1.8567100273854371
momentum_max_sharpe,2019-03-29,2021-02-26,24,0.8420229936658439,0.41129899517895924,1.6973166008285039,-0.15529003507472317,0.5214910975181941,0.29240368528413446,1.783462807629975
momentum_max_sharpe,2019-04-30,2021-03-31,24,0.804689640915587,0.4127089742105258,1.6403779107200402,-0.15529003507472317,0.48812798180594874,0.29728372545615495,1.641959986396701
momentum_max_sharpe,2019-05-31,2021-04-30,24,0.8387994980776006,0.4128719453604187,1.6878194330736018,-0.15529003507472317,0.5014266781883822,0.29603899565429664,1.6937859050634316
momentum_max_sharpe,2019-06-28,2021-05-28,24,0.8698041474860139,0.4099203314116205,1.7402833040239125,-0.15529003507472305,0.4823187841550361,0.2975510357226086,1.6209615368459913
momentum_max_sharpe,2019-07-31,2021-06-30,24,0.8732998976543733,0.40991291268266505,1.7451359994257003,-0.15529003507472305,0.5076531331876095,0.29498433632193566,1.720949456223243
momentum_max_sharpe,2019-08-30,2021-07-30,24,0.861923434115486,0.4107492018530923,1.7266687673204641,-0.15529003507472317,0.49671721934647484,0.29707026330067027,1.6720529810947056
momentum_max_sharpe,2019-09-30,2021-08-31,24,0.9086058411801692,0.41048354129022846,1.7914896069221982,-0.15529003507472317,0.4993253775910137,0.2971549283351617,1.680353680783727
momentum_max_sharpe,2019-10-31,2021-09-30,24,0.8470698173010307,0.41679390343273587,1.6871629946956912,-0.15529003507472305,0.49952280320989273,0.2971242684758182,1.6811915289596984
momentum_max_sharpe,2019-11-29,2021-10-29,24,0.909228081486922,0.41617830082275764,1.7733726970505441,-0.15529003507472328,0.5100067557639164,0.29587523736602606,1.7237223375100803
momentum_max_sharpe,2019-12-31,2021-11-30,24,0.9134742065866621,0.4160003289736085,1.7796350046723026,-0.15529003507472317,0.5334866393262002,0.29373659125884505,1.816207633648488
momentum_max_sharpe,2020-01-31,2021-12-31,24,0.8410835825901091,0.41843553468446604,1.673872586765046,-0.15529003507472317,0.48605411548810795,0.30088530101977684,1.615413294836095
momentum_max_sharpe,2020-02-28,2022-01-31,24,0.7627702582439149,0.42925761685241914,1.5355185653934231,-0.15529003507472328,0.4702579207690044,0.3042949133142408,1.5454018460156647
momentum_max_sharpe,2020-03-31,2022-02-28,24,0.8656443949855586,0.4196596469168521,1.7039588576500901,-0.15529003507472317,0.4998326574716101,0.30478068274526937,1.639974859854756
momentum_max_sharpe,2020-04-30,2022-03-31,24,1.021164916877889,0.40594264302279787,1.957294774983129,-0.15529003507472328,0.4988530136504574,0.30478847601624875,1.6367187505601843
momentum_max_sharpe,2020-05-29,2022-04-29,24,0.7735306466301748,0.38889493390456925,1.6736810625659584,-0.15529003507472317,0.46259006070782216,0.29903351428229,1.5469505544155608
momentum_max_sharpe,2020-06-30,2022-05-31,24,0.7903733141186402,0.3886112767258036,1.70029290914226,-0.15529003507472317,0.49507129371396563,0.2969145607460776,1.6673863769764812
momentum_max_sharpe,2020-07-31,2022-06-30,24,0.5824176237681327,0.390951875198431,1.3624084544722432,-0.15529003507472317,0.41810863377035645,0.2865594508847365,1.459064192367305
momentum_max_sharpe,2020-08-31,2022-07-29,24,0.45010722052736796,0.36975953709850995,1.1767895424978543,-0.15529003507472317,0.3025941150797275,0.27957244217075494,1.0823460020959845
momentum_max_sharpe,2020-09-30,2022-08-31,24,0.21314498785356295,0.2601289196366061,0.8680565918908499,-0.15529003507472317,0.14952397960271271,0.17116109235501414,0.8735862662793551
momentum_max_sharpe,2020-10-30,2022-09-30,24,0.24217627817865206,0.2503968921743595,0.9876233980587709,-0.15072488090419667,0.1980990366007338,0.15911819417070203,1.2449804224664158
momentum_max_sharpe,2020-11-30,2022-10-31,24,0.3572984957858687,0.25786071920764825,1.3169920745443957,-0.15072488090419667,0.23663713059173347,0.15910164977031335,1.4873329782145817
momentum_max_sharpe,2020-12-31,2022-11-30,24,0.2282173055996639,0.20376101353111925,1.1143311239676605,-0.15072488090419667,0.15099021733354773,0.13924841185792441,1.0843227245392464
momentum_max_sharpe,2021-01-29,2022-12-30,24,0.17822891890908932,0.20033316594474057,0.9193456785940329,-0.15072488090419667,0.1561548750791347,0.14043307896748014,1.111952228258808
momentum_max_sharpe,2021-02-26,2023-01-31,24,0.14325425386837853,0.20030194105681384,0.766947385404043,-0.15072488090419678,0.08915573537859207,0.15064488561842554,0.5918271636809377
momentum_max_sharpe,2021-03-31,2023-02-28,24,0.18211729515452557,0.2022683493462096,0.9288768635441652,-0.15072488090419667,0.14951904798331017,0.15693840717562604,0.952724388339095
momentum_max_sharpe,2021-04-30,2023-03-31,24,0.18372334059324236,0.20223627571798586,0.9358126825224866,-0.15072488090419678,0.15458543970938116,0.15557729710983775,0.9936246649165248
momentum_max_sharpe,2021-05-28,2023-04-28,24,0.1355264010378514,0.19699270274535613,0.7419717194029518,-0.15072488090419656,0.13038467223472078,0.15689530331442036,0.8310297980904379
momentum_max_sharpe,2021-06-30,2023-05-31,24,0.21237662435544813,0.2182169519628038,0.9920005046721958,-0.15072488090419678,0.20219505499525103,0.18222916198818775,1.1095647523658012
momentum_max_sharpe,2021-07-30,2023-06-30,24,0.2228876677931586,0.22044937204027865,1.0238242558824642,-0.15072488090419667,0.19016841513981614,0.18157769221891573,1.047311554717543
momentum_max_sharpe,2021-08-31,2023-07-31,24,0.26735382018202225,0.2232698165728915,1.1766364405387253,-0.15072488090419667,0.22297896433967151,0.18013843084827963,1.237820065877414
momentum_max_sharpe,2021-09-30,2023-08-31,24,0.21752025275659181,0.2192425092107502,1.0079493932939598,-0.15072488090419667,0.20461031939397767,0.17830235016223717,1.1475469572207144
momentum_max_sharpe,2021-10-29,2023-09-29,24,0.19728780672186463,0.22537099524682758,0.9110722591630146,-0.15072488090419667,0.18952932637196274,0.18127048300754628,1.0455608835337666
momentum_max_sharpe,2021-11-30,2023-10-31,24,0.10700906122178666,0.22716061408174262,0.5564157085612735,-0.15072488090419667,0.15615756119342,0.1867733444622483,0.8360805533735219
momentum_max_sharpe,2021-12-31,2023-11-30,24,0.10833558137745292,0.2272945231900909,0.5615365464584625,-0.15072488090419656,0.10863952124964166,0.19131766246703574,0.5678488846703339
momentum_max_sharpe,2022-01-31,2023-12-29,24,0.12945455074485324,0.22759674056808826,0.6449479594410641,-0.15072488090419667,0.12748523422623323,0.18727799836147685,0.6807272362029739
momentum_max_sharpe,2022-02-28,2024-01-31,24,0.22441769275819712,0.21749771796510592,1.0410105818285982,-0.15072488090419645,0.17287417043346198,0.18583888194180803,0.9302368192658104
momentum_max_sharpe,2022-03-31,2024-02-29,24,0.3215820966655476,0.25795309211310447,1.2114788203354894,-0.15072488090419667,0.21742088595847453,0.2100440610866363,1.0351203687153787
momentum_max_sharpe,2022-04-29,2024-03-28,24,0.2970901801265875,0.25561781559579966,1.1453973745775203,-0.15072488090419667,0.20007740733017038,0.20973629193736204,0.9539474808199798
momentum_max_sharpe,2022-05-31,2024-04-30,24,0.28036039877211416,0.25933657605670535,1.0814490269817123,-0.15072488090419656,0.16458190025557126,0.20990846212545006,0.7840651043272865
momentum_max_sharpe,2022-06-30,2024-05-31,24,0.3164713022250014,0.26643360233156993,1.1657677682741148,-0.15072488090419667,0.17073831217830854,0.2113097350304268,0.8080002189852903
momentum_max_sharpe,2022-07-29,2024-06-28,24,0.4015861781551917,0.25354693650605065,1.4658267420154443,-0.14656384378760934,0.17249958547320715,0.21118935515002948,0.8168005690943227
momentum_max_sharpe,2022-08-31,2024-07-31,24,0.367807268771976,0.2567567662330763,1.3527240509063545,-0.14656384378760945,0.18806229592413976,0.20585170536785766,0.9135814327506873
momentum_max_sharpe,2022-09-30,2024-08-30,24,0.42803054513578,0.25486622908487183,1.5351292419515585,-0.14656384378760945,0.19935642645701396,0.20664506636375013,0.9647287010767233
momentum_max_sharpe,2022-10-31,2024-09-30,24,0.4967127562543878,0.24369033323065095,1.793581012894621,-0.14656384378760956,0.18838590205942338,0.20682797187551993,0.910833773358296
momentum_max_sharpe,2022-11-30,2024-10-31,24,0.41125177644698274,0.2327514870194902,1.6070387001287287,-0.14656384378760934,0.17022827307387517,0.20466508881785286,0.8317406454472278
momentum_max_sharpe,2022-12-30,2024-11-29,24,0.40988915577167795,0.2328162540324449,1.6023743116964784,-0.14656384378760956,0.1674722096632335,0.20541105811789126,0.8153027942980383
momentum_max_sharpe,2023-01-31,2024-12-31,24,0.38160652103619164,0.2380598497353463,1.4845163501894723,-0.14656384378760956,0.13082649559888915,0.2054803660039266,0.6366861133408197
momentum_max_sharpe,2023-02-28,2025-01-31,24,0.45758004115133444,0.2398877317518586,1.704901195331167,-0.14656384378760934,0.20377591374926224,0.19830590327164352,1.0275836996648848
momentum_max_sharpe,2023-03-31,2025-02-28,24,0.40244119756965313,0.2419665629907384,1.527735106872399,-0.14656384378760934,0.15851664549444228,0.1921813933411836,0.8248282663505534
momentum_max_sharpe,2023-04-28,2025-03-31,24,0.3698176526226773,0.24600455221072526,1.408025404550233,-0.14656384378760945,0.18153464680118694,0.19046857950708707,0.9530949790825329
momentum_max_sharpe,2023-05-31,2025-04-30,24,0.35545052303071034,0.24796097627645897,1.3550851230921082,-0.14656384378760956,0.18229586021749175,0.1903230653481256,0.9578232668964686
momentum_max_sharpe,2023-06-30,2025-05-30,24,0.2788038593778883,0.23232872202217347,1.1753445228805501,-0.14656384378760934,0.08983318170817156,0.16929223313789993,0.5306397112441442
momentum_max_sharpe,2023-07-31,2025-06-30,24,0.2076835325138986,0.23236689577120806,0.924202761079674,-0.14656384378760934,0.039081330145094774,0.18206136952135102,0.21466020083141005
momentum_max_sharpe,2023-08-31,2025-07-31,24,0.18651696957227037,0.22917985550606979,0.8556736407267236,-0.14656384378760945,0.02516654974411972,0.17998955940643474,0.13982227539815845
momentum_max_sharpe,2023-09-29,2025-08-29,24,0.17706997328443586,0.23008100669051607,0.8178929420431102,-0.1456232978079952,-0.001146397310581828,0.1816142205536458,-0.006312266226108663
momentum_max_sharpe,2023-10-31,2025-09-30,24,0.27022133483265676,0.22151058736136506,1.1907506617735246,-0.09541727656761478,0.032414322367295884,0.181554329398538,0.17853786508247763
momentum_max_sharpe,2023-11-30,2025-10-31,24,0.35329000411584666,0.21188746542995052,1.541242203771453,-0.0954172765676149,0.07288706772625944,0.17874987715584761,0.4077600996766616
momentum_max_sharpe,2023-12-29,2025-11-28,24,0.37021848023716997,0.21320830760613488,1.5928200542602668,-0.09541727656761478,0.12985945695304751,0.17698310214810214,0.7337392970114126
momentum_max_sharpe,2024-01-31,2025-12-31,24,0.3438061320251731,0.21447882876925428,1.4913483557864298,-0.095417276567615,0.1324963202885678,0.17669530748658643,0.7498576061428573
momentum_min_vol,2018-09-28,2020-08-31,24,0.31479156471704717,0.2220485628139972,1.3485270076299622,-0.14442532198399916,0.18449569127810894,0.12598115964797463,1.4644704953791479
momentum_min_vol,2018-10-31,2020-09-30,24,0.24938053008975336,0.23794269330789883,1.0547423828782088,-0.14367796216933237,0.15778657944848995,0.13580506201508408,1.1618608106888118
momentum_min_vol,2018-11-30,2020-10-30,24,0.28780930596879295,0.2295571586468046,1.2195720702270794,-0.11014951891966707,0.1659110503906292,0.1353285530036255,1.2259870271884483
momentum_min_vol,2018-12-31,2020-11-30,24,0.3537357420841807,0.233785036258971,1.4201806749054084,-0.11014951891966707,0.1731234023668109,0.13346393933922548,1.2971548961010573
momentum_min_vol,2019-01-31,2020-12-31,24,0.39358055011669113,0.22484764146808026,1.6002093253352223,-0.11014951891966707,0.1364605275598415,0.14110815840014665,0.9670633442247493
momentum_min_vol,2019-02-28,2021-01-29,24,0.3905943829349803,0.22491282600445484,1.5899840180507467,-0.11014951891966707,0.17917556491533598,0.13350168600149642,1.342122113074494
momentum_min_vol,2019-03-29,2021-02-26,24,0.44980942851344463,0.23159816375468265,1.7356664778251683,-0.11014951891966718,0.22536365425173033,0.1404826969202838,1.6042093381764428
momentum_min_vol,2019-04-30,2021-03-31,24,0.43016920176409235,0.23139603755003374,1.6761157427841071,-0.11014951891966707,0.19897583831054944,0.14277286294554753,1.393653066874741
momentum_min_vol,2019-05-31,2021-04-30,24,0.4521959670992013,0.2336196228949751,1.7297333300674005,-0.11014951891966707,0.20867303371738083,0.14281729037303736,1.4611188405292446
momentum_min_vol,2019-06-28,2021-05-28,24,0.4842965758596156,0.22774162100962417,1.8678228064510163,-0.11014951891966707,0.19432226911934392,0.14418892060755067,1.347692099369027
momentum_min_vol,2019-07-31,2021-06-30,24,0.4388563323843613,0.2278984078289246,1.7256439988763927,-0.11014951891966707,0.18557087245911538,0.14597377190386887,1.2712617481811952
momentum_min_vol,2019-08-30,2021-07-30,24,0.4314391977562979,0.22832843069758219,1.6994281294079236,-0.11014951891966707,0.17551715917597038,0.14728711782940537,1.1916667374757262
momentum_min_vol,2019-09-30,2021-08-31,24,0.44960266794245185,0.22940842980717607,1.7491785868879803,-0.11014951891966718,0.16522469262725697,0.14500011598628063,1.1394797273327002
momentum_min_vol,2019-10-31,2021-09-30,24,0.40471632534660507,0.236182113735563,1.5681055601768106,-0.11014951891966696,0.16668203868645942,0.1448389231822868,1.1508097065640426
momentum_min_vol,2019-11-29,2021-10-29,24,0.46254897155553576,0.24103739902674978,1.7136219993200397,-0.11014951891966707,0.18501450961107113,0.14473430449473076,1.2783044783816735
momentum_min_vol,2019-12-31,2021-11-30,24,0.4681858780516084,0.24101863267097046,1.7302503698149196,-0.11014951891966707,0.21018047024080588,0.1454894282456065,1.4446442794866978
momentum_min_vol,2020-01-31,2021-12-31,24,0.4564801599011923,0.24041453590719183,1.6996056824937003,-0.11014951891966718,0.1942562560333546,0.1457161203940015,1.3331143836941686
momentum_min_vol,2020-02-28,2022-01-31,24,0.4231460100580331,0.2464836684954479,1.566653036330115,-0.11014951891966707,0.19727926840975712,0.1453010058025691,1.3577281679509816
momentum_min_vol,2020-03-31,2022-02-28,24,0.5105581461645616,0.2339567887116685,1.901326894015584,-0.11014951891966718,0.22957821932434755,0.15108317576327482,1.5195485411563159
momentum_min_vol,2020-04-30,2022-03-31,24,0.5769119723893616,0.228828870963424,2.1340786613183917,-0.11014951891966707,0.1926424101357163,0.14055621636207208,1.3705719684390938
momentum_min_vol,2020-05-29,2022-04-29,24,0.45590060060879556,0.20819372039725542,1.9296165241512242,-0.11014951891966696,0.21343801760696826,0.14816487529324304,1.4405439695780713
momentum_min_vol,2020-06-30,2022-05-31,24,0.4169087833223517,0.21419685603833993,1.7504753274576488,-0.11014951891966718,0.20926460719847317,0.14972255500340503,1.3976825815837433
momentum_min_vol,2020-07-31,2022-06-30,24,0.3589219850040044,0.21874210128045077,1.5218349048401996,-0.11014951891966707,0.21836185859491675,0.15111231221370194,1.4450302255061187
momentum_min_vol,2020-08-31,2022-07-29,24,0.29085021431197355,0.2018746865531624,1.3726811990749295,-0.11014951891966718,0.1445745453840241,0.15206144007458344,0.9507640156052238
momentum_min_vol,2020-09-30,2022-08-31,24,0.18575945402064753,0.18428659957503643,1.0183722860959512,-0.11014951891966707,0.11138972187679055,0.14476406908908848,0.7694569693826497
momentum_min_vol,2020-10-30,2022-09-30,24,0.2012637863659743,0.17729126510327098,1.12552629738388,-0.14555048423352301,0.15034718825832571,0.13591977135341127,1.1061465654426466
momentum_min_vol,2020-11-30,2022-10-31,24,0.28994786501831715,0.19508721125792383,1.409882304144047,-0.14555048423352301,0.17208661397630104,0.13959143640202618,1.232787758417272
momentum_min_vol,2020-12-31,2022-11-30,24,0.25918504473861925,0.1883532348354178,1.3232259242105693,-0.14555048423352301,0.17316686134777204,0.1393872750798662,1.2423434007770848
momentum_min_vol,2021-01-29,2022-12-30,24,0.2517253262446104,0.18965293389790408,1.2834513641307133,-0.1455504842335228,0.21538976141143312,0.13119299872874918,1.6417778654237996
momentum_min_vol,2021-02-26,2023-01-31,24,0.22681228186189584,0.19166546158481454,1.1649764001361287,-0.1455504842335229,0.15882042486122072,0.1479920373295596,1.07316871723002
momentum_min_vol,2021-03-31,2023-02-28,24,0.15543953586959725,0.1810229858677826,0.8874288042945748,-0.14555048423352301,0.12228166994682749,0.1387823461069019,0.881103925513954
momentum_min_vol,2021-04-30,2023-03-31,24,0.14189674045351097,0.18121829267165154,0.8207615552331545,-0.1455504842335229,0.11406717575625724,0.14114317152472022,0.808166449173768
momentum_min_vol,2021-05-28,2023-04-28,24,0.10770492697519374,0.17433558061194737,0.6704916098221029,-0.1455504842335229,0.10111220196268991,0.14062610876513496,0.7190144337390525
momentum_min_vol,2021-06-30,2023-05-31,24,0.11987420810722682,0.1740441498536173,0.7347520220354767,-0.14555048423352301,0.11360301954851217,0.1399609761997375,0.8116763874695325
momentum_min_vol,2021-07-30,2023-06-30,24,0.13050356971844645,0.17401130648633242,0.7897464983470991,-0.14555048423352301,0.10189182082130627,0.14357866703828218,0.7096584953956913
momentum_min_vol,2021-08-31,2023-07-31,24,0.1337480713400312,0.17402367718989173,0.8063607754936015,-0.14555048423352301,0.10059742938069954,0.14379577537754681,0.6995854302156881
momentum_min_vol,2021-09-30,2023-08-31,24,0.10897587577829504,0.16979657944627705,0.6910109629397257,-0.1455504842335229,0.10095626311780012,0.14386602847258093,0.7017380280087533
momentum_min_vol,2021-10-29,2023-09-29,24,0.09894788007637367,0.17322007217168867,0.6278630432073034,-0.14555048423352313,0.09295854624092365,0.14479994675735175,0.6419791465579663
momentum_min_vol,2021-11-30,2023-10-31,24,0.029625239913059653,0.16156158667342807,0.25672106982720305,-0.1455504842335228,0.07123809052569606,0.14423022054920706,0.493919306608782
momentum_min_vol,2021-12-31,2023-11-30,24,0.012309334366977787,0.1596014736353837,0.1514717753495803,-0.1455504842335229,0.0051804582285158995,0.15502679075795917,0.03341653531746048
momentum_min_vol,2022-01-31,2023-12-29,24,0.015232116860431022,0.16045509579667477,0.16945282783236235,-0.14555048423352313,0.007886750544266574,0.15504687708212042,0.0508668777642607
momentum_min_vol,2022-02-28,2024-01-31,24,0.06613241895615851,0.1579039767826331,0.48060969784072327,-0.14555048423352301,0.02234692707756459,0.15634444067190353,0.1429339411208148
momentum_min_vol,2022-03-31,2024-02-29,24,0.081629057222663,0.163119025820163,0.5589634548912676,-0.14555048423352301,-0.0039062475456648205,0.14760423477288695,-0.026464332487988677
momentum_min_vol,2022-04-29,2024-03-28,24,0.05902950577719901,0.1591977713889722,0.4355506047308428,-0.14555048423352301,-0.023367881948230043,0.14730682948251192,-0.15863407033008098
momentum_min_vol,2022-05-31,2024-04-30,24,0.025155981126937288,0.16637781939283416,0.22751187263414194,-0.1455504842335229,-0.07802445832687278,0.13181825330788494,-0.5919093628454688
momentum_min_vol,2022-06-30,2024-05-31,24,0.06312114942856928,0.16449823858905857,0.45028835146523655,-0.11014964212235945,-0.06578975313179639,0.1297085176822876,-0.5072122811004902
momentum_min_vol,2022-07-29,2024-06-28,24,0.0917441838396964,0.16181692304779505,0.6204734362132204,-0.10525472194410379,-0.09875319213253819,0.12350638588239046,-0.7995796446232049
momentum_min_vol,2022-08-31,2024-07-31,24,0.07742316107140157,0.16100554026125496,0.5401865922201328,-0.1052547219441039,-0.07228572286999448,0.1173276828962872,-0.6161011713995243
momentum_min_vol,2022-09-30,2024-08-30,24,0.13237884582187132,0.16344661467673655,0.8413668610270284,-0.09586250885751901,-0.05437760946103749,0.12230936809675072,-0.4445907153900347
momentum_min_vol,2022-10-31,2024-09-30,24,0.18753609187264075,0.15078956350781772,1.21837662710341,-0.09586250885751901,-0.06497397285998494,0.12106394458623132,-0.5366913582904554
momentum_min_vol,2022-11-30,2024-10-31,24,0.11466539817413901,0.12109002332804147,0.9585395782850371,-0.0958625088575189,-0.0877427941835689,0.11271716200350804,-0.7784333159562526
momentum_min_vol,2022-12-30,2024-11-29,24,0.11529175393824986,0.1212660872851859,0.9619867265112542,-0.0958625088575189,-0.08893020879945394,0.11275699796297155,-0.7886890428624029
momentum_min_vol,2023-01-31,2024-12-31,24,0.10914080985044494,0.12312283108314043,0.9039585590130037,-0.0958625088575189,-0.11127930668936425,0.10870410706236987,-1.0236899938427977
momentum_min_vol,2023-02-28,2025-01-31,24,0.17028521788257067,0.13439670598134879,1.241635108163853,-0.0958625088575189,-0.03833729829174629,0.1076289900717312,-0.3561986251677707
momentum_min_vol,2023-03-31,2025-02-28,24,0.16931203988428867,0.13459332334184185,1.233746137635716,-0.09586250885751879,-0.045090174651208195,0.10720046364066495,-0.42061548168625534
momentum_min_vol,2023-04-28,2025-03-31,24,0.15336311978280914,0.1375648659913245,1.1088055427613326,-0.0958625088575189,-0.012313326446117809,0.1066416721267218,-0.11546449151215425
momentum_min_vol,2023-05-31,2025-04-30,24,0.11732746018828455,0.14373552820760982,0.843795634687561,-0.09586250885751901,-0.03242895859104103,0.10990856370289478,-0.2950539748540714
momentum_min_vol,2023-06-30,2025-05-30,24,0.11103025806250888,0.14368668524700173,0.8043135557194548,-0.0958625088575189,-0.06766396050786988,0.1153874740858821,-0.5864064626070943
momentum_min_vol,2023-07-31,2025-06-30,24,0.10384518867338421,0.14349106066056994,0.7595869467978198,-0.09586250885751901,-0.06667885985022548,0.11504739180482039,-0.5795773272578587
momentum_min_vol,2023-08-31,2025-07-31,24,0.12187916540233479,0.14615680777445192,0.8601372808428024,-0.0958625088575189,-0.04522169238220224,0.11700911200517472,-0.3864800920820791
momentum_min_vol,2023-09-29,2025-08-29,24,0.10109854139935925,0.14753130301752626,0.7254908093056867,-0.0958625088575189,-0.0822954243568209,0.11568490903779115,-0.7113756240231576
momentum_min_vol,2023-10-31,2025-09-30,24,0.16187288057118687,0.13868367796074813,1.1542483278878792,-0.09063121081291137,-0.07127415273155707,0.11581904903537181,-0.615392315212237
momentum_min_vol,2023-11-30,2025-10-31,24,0.2116886989314326,0.13676206648858108,1.4800513786385456,-0.09063121081291126,-0.051267951392664185,0.11829193134943428,-0.4334019303583664
momentum_min_vol,2023-12-29,2025-11-28,24,0.24517633685925877,0.13950664685942757,1.65235385925163,-0.09063121081291148,0.02077133519253353,0.10972013828984346,0.18931196693958488
momentum_min_vol,2024-01-31,2025-12-31,24,0.21592310689213612,0.13840197814105287,1.4896399143236796,-0.09063121081291114,0.018802782512806926,0.10970635762499512,0.1713919131020622
ml,2018-09-28,2020-08-31,24,0.39208206436774806,0.27962944937156914,1.3254014639588205,-0.1813774683122762,0.2556784888810922,0.16977156827546633,1.506014767244394
ml,2018-10-31,2020-09-30,24,0.3575798560988088,0.2860626993956007,1.211627370621169,-0.16578252071277022,0.25341973242194354,0.1704153526174731,1.4870710210645646
ml,2018-11-30,2020-10-30,24,0.365618024860227,0.28432690361146495,1.2386240464645872,-0.1138102583253413,0.23812369105427905,0.17301442913828705,1.3763227277648122
ml,2018-12-31,2020-11-30,24,0.5186660549623114,0.31290079396806186,1.4989676568157786,-0.1138102583253412,0.3101345817398624,0.18093170455209362,1.7140974961111297
ml,2019-01-31,2020-12-31,24,0.664173066872807,0.29678324273197326,1.8849687185631574,-0.1138102583253413,0.336084363646495,0.17960497945929582,1.8712419035278605
ml,2019-02-28,2021-01-29,24,0.6358023139306512,0.2966970941002408,1.8248303076782597,-0.1138102583253413,0.3629896156278125,0.17713816671598012,2.04918918580558
ml,2019-03-29,2021-02-26,24,0.650284267120262,0.2954442703945575,1.86256154804831,-0.1138102583253412,0.37366962272495435,0.1737569277130441,2.1505307882863915
ml,2019-04-30,2021-03-31,24,0.6743909711906237,0.29677658932660433,1.9065232772644458,-0.1138102583253413,0.37694077265339776,0.17394138071248533,2.167056344553561
ml,2019-05-31,2021-04-30,24,0.7069117152589803,0.2959386735976617,1.979256330113101,-0.1138102583253412,0.390311878481612,0.17055554876377224,2.288473645745838
ml,2019-06-28,2021-05-28,24,0.7761581199642642,0.2812586021047511,2.2156694303120172,-0.1138102583253413,0.3921173621152323,0.16988555887402723,2.3081265100701898
ml,2019-07-31,2021-06-30,24,0.7475087053365181,0.2797492549187381,2.165174034819428,-0.1138102583253412,0.39800517564577986,0.16973845055979572,2.344814473875322
ml,2019-08-30,2021-07-30,24,0.7643533644024665,0.2788713810591353,2.207318472656092,-0.1138102583253413,0.40304735221187715,0.16898415696861477,2.385119169998491
ml,2019-09-30,2021-08-31,24,0.8171581268040156,0.2763255066031455,2.3375733972626858,-0.1138102583253413,0.4098795327775978,0.1686015769875957,2.4310539681829506
ml,2019-10-31,2021-09-30,24,0.7513015265186564,0.28487575550690253,2.1392743619862857,-0.1138102583253413,0.4057509530308011,0.16935292516322276,2.395889841523182
ml,2019-11-29,2021-10-29,24,0.7914510292649983,0.28545893128758676,2.218933447804181,-0.1138102583253413,0.4053818905884118,0.1693987531836566,2.3930630123877585
ml,2019-12-31,2021-11-30,24,0.7758724625418729,0.28568681064013396,2.1851987341742825,-0.1138102583253412,0.4174403489106816,0.169282377751689,2.465940958857524
ml,2020-01-31,2021-12-31,24,0.7365759640553249,0.2855101147135253,2.10402993559851,-0.1138102583253412,0.3863681729248274,0.17241350321600796,2.2409391707606954
ml,2020-02-28,2022-01-31,24,0.6616101586459828,0.286215210163089,1.937996970336739,-0.1138102583253412,0.3658090909159375,0.16739932207278402,2.1852483414292823
ml,2020-03-31,2022-02-28,24,0.6750868466983788,0.28423675681843086,1.9792833580904825,-0.1138102583253413,0.34733496743766223,0.16669228911721984,2.0836894692436103
ml,2020-04-30,2022-03-31,24,0.7910976673476495,0.2725039966187098,2.3106074928853615,-0.1138102583253413,0.33395337594749147,0.16506837208724082,2.023121520644746
ml,2020-05-29,2022-04-29,24,0.546092879683505,0.2891974977821797,1.6641431933570154,-0.1323753923916391,0.29297002197399924,0.1725560874969594,1.6978248998556
ml,2020-06-30,2022-05-31,24,0.5001879921739196,0.29320823052598083,1.5384333854410157,-0.15703127851895282,0.28539962621161563,0.17460397961124077,1.634553959463373
ml,2020-07-31,2022-06-30,24,0.4365194133680015,0.29958647054892473,1.3619204864855579,-0.19862249554466727,0.29348544542271954,0.17471870836652148,1.6797597015601302
ml,2020-08-31,2022-07-29,24,0.45344995209551775,0.303285748978433,1.388431215186617,-0.19862249554466715,0.2885563595862626,0.17416158845892774,1.6568312343700997
ml,2020-09-30,2022-08-31,24,0.27743782644044757,0.25475587378006864,1.0888522258653368,-0.19862249554466727,0.20110885638840814,0.12159255090689898,1.6539570466154065
ml,2020-10-30,2022-09-30,24,0.27045240925072744,0.25672298739222527,1.0606844146624268,-0.19862249554466727,0.22310327870064928,0.1171342529258441,1.9046800839878366
ml,2020-11-30,2022-10-31,24,0.35129587341814483,0.25330809645908625,1.3211118181579666,-0.19862249554466727,0.23168492692614,0.11457236795199972,2.022171061553033
ml,2020-12-31,2022-11-30,24,0.2229290339069112,0.20985834511217286,1.068167810847954,-0.19862249554466738,0.14809690719127,0.1032908957626987,1.4337847115926747
ml,2021-01-29,2022-12-30,24,0.13343278535138148,0.2138256579959712,0.6918599500273568,-0.19862249554466727,0.11991685374443545,0.10194531604052141,1.1762860561123833
ml,2021-02-26,2023-01-31,24,0.14740295525027047,0.21563236600536265,0.7452560696864224,-0.19862249554466738,0.09623601498005466,0.1000680547792452,0.9617056631345116
ml,2021-03-31,2023-02-28,24,0.11155346935831534,0.2199740311302182,0.5887404731165501,-0.19862249554466738,0.09114427320930683,0.10137398458883133,0.8990893825371885
ml,2021-04-30,2023-03-31,24,0.11939187364624426,0.22297876523722399,0.6152850994159805,-0.19862249554466727,0.10252567976301352,0.10676637993357424,0.9602805660995611
ml,2021-05-28,2023-04-28,24,0.1068322147120031,0.22113837890122318,0.5671288964645559,-0.19862249554466715,0.10963562266112581,0.10689211243678085,1.0256661615324287
ml,2021-06-30,2023-05-31,24,0.1475171082833182,0.22183629697376359,0.7306055019473836,-0.19862249554466727,0.14779854762078673,0.10737854024376835,1.3764253759201586
ml,2021-07-30,2023-06-30,24,0.14749821437256339,0.22183274141764037,0.7305387625078129,-0.19862249554466738,0.12652441724988003,0.10695610589560874,1.1829564678931968
ml,2021-08-31,2023-07-31,24,0.17427114576632952,0.22716087563549842,0.8211442189870972,-0.19862249554466738,0.14680340189574678,0.11141923456765732,1.3175768301172723
ml,2021-09-30,2023-08-31,24,0.13048397336996675,0.2257485648720957,0.6543534441768979,-0.19862249554466727,0.1313443161928043,0.11075160577275847,1.1859359986373308
ml,2021-10-29,2023-09-29,24,0.13401614838641884,0.2249666335331982,0.6698818216968215,-0.19862249554466727,0.13490112287483857,0.11051170244314121,1.2206953643144338
ml,2021-11-30,2023-10-31,24,0.0649956149605635,0.22239083355303196,0.3904205241453625,-0.19862249554466727,0.11658777295281203,0.1131635347483369,1.0302592015359915
ml,2021-12-31,2023-11-30,24,0.07581885689749823,0.22433709882125358,0.4342239275127661,-0.19862249554466727,0.07841787580553933,0.113696775369617,0.6897106408744711
ml,2022-01-31,2023-12-29,24,0.07011219614853803,0.22392639436561518,0.4106969070682142,-0.19862249554466727,0.07266305839830278,0.11506852923103333,0.6314763809347966
ml,2022-02-28,2024-01-31,24,0.08982368003416363,0.22461883550117262,0.4920186798702392,-0.19862249554466727,0.056973407425492076,0.11080622961487703,0.5141715192684683
ml,2022-03-31,2024-02-29,24,0.18051528071447454,0.246827805533136,0.7940069408434223,-0.19862249554466727,0.10089916900985943,0.13150580754748564,0.7672601757411024
ml,2022-04-29,2024-03-28,24,0.15645039344956468,0.24379270352109328,0.7153284924697014,-0.19862249554466727,0.08168529953635716,0.13036112747974685,0.6266078018468192
ml,2022-05-31,2024-04-30,24,0.23923130886036814,0.2190631101396253,1.0897358508292536,-0.10136659262378622,0.12284353713158552,0.12641978600091328,0.9717113200199379
ml,2022-06-30,2024-05-31,24,0.2915500422415591,0.217426683578467,1.2905764104628596,-0.10136659262378656,0.14074435502654317,0.12319409469311865,1.1424602402992035
ml,2022-07-29,2024-06-28,24,0.35469559381710725,0.21114510082735616,1.554480801957946,-0.10136659262378644,0.1290647112501462,0.12203519911973355,1.057602332614836
ml,2022-08-31,2024-07-31,24,0.2811625099931643,0.19749101110482936,1.3599823165598364,-0.10136659262378656,0.109325525789807,0.12058424628832594,0.9066319121687046
ml,2022-09-30,2024-08-30,24,0.3043436332217391,0.1946847444428613,1.4710873853153716,-0.10023520929432683,0.09450209706614261,0.12124545934168075,0.7794279272745965
ml,2022-10-31,2024-09-30,24,0.3828919042557821,0.18004605103028948,1.9087387505761537,-0.10023520929432683,0.09496842184068979,0.12128179336883317,0.7830393928285582
ml,2022-11-30,2024-10-31,24,0.32237448801936797,0.17963377806685674,1.6571422625285863,-0.10023520929432683,0.09386635133331392,0.12141999656789003,0.7730716025908472
ml,2022-12-30,2024-11-29,24,0.4051763769549519,0.19307258437929956,1.8762904584327218,-0.10023520929432683,0.15667367271206845,0.1207128834775986,1.2979034896564565
ml,2023-01-31,2024-12-31,24,0.4527193316405751,0.18042176565381243,2.1849580398654314,-0.10023520929432672,0.1716367437751329,0.11927720757641647,1.4389735244696402
ml,2023-02-28,2025-01-31,24,0.44632237895473037,0.1799531941813542,2.1648945187261743,-0.10023520929432683,0.1843707168507167,0.11825904139850232,1.5590411918648583
ml,2023-03-31,2025-02-28,24,0.47241512351112647,0.17340241319768512,2.3466029443709386,-0.10023520929432683,0.19576244589495345,0.11556589268272319,1.6939465559479852
ml,2023-04-28,2025-03-31,24,0.3424373173759332,0.1849058955410456,1.6978452667471955,-0.10023520929432683,0.14909558719149726,0.11315238543336634,1.317653062465018
ml,2023-05-31,2025-04-30,24,0.2943359551736433,0.19067431881891597,1.4559482549004894,-0.1329078641160546,0.12389957189660723,0.11744176106899151,1.054987346654501
ml,2023-06-30,2025-05-30,24,0.2835000727001309,0.18965651938299363,1.4174890192360055,-0.1329078641160546,0.08560292442348617,0.11635739362125641,0.7356896004573967
ml,2023-07-31,2025-06-30,24,0.2738102618078928,0.1884762763187968,1.3841895525913759,-0.13290786411605482,0.08521409608163534,0.11641076987217591,0.7320121340594528
ml,2023-08-31,2025-07-31,24,0.2502099730223939,0.18344406101360414,1.313510091861322,-0.1329078641160547,0.07001901383540968,0.11182089175434876,0.6261711272096575
ml,2023-09-29,2025-08-29,24,0.29147458402041004,0.182416599557783,1.5017081578079998,-0.1329078641160547,0.08460846689458941,0.11302265707547925,0.7485973970518657
ml,2023-10-31,2025-09-30,24,0.3515858298110346,0.17703824501830903,1.8052660541133152,-0.1329078641160546,0.0882515778882574,0.11315509731681452,0.7799169456871075
ml,2023-11-30,2025-10-31,24,0.3754448318052719,0.17136852628396687,1.96420089735036,-0.1329078641160546,0.08291937666003145,0.11490286582537604,0.721647593942943
ml,2023-12-29,2025-11-28,24,0.3530791036410037,0.16998999635237821,1.8797837602081293,-0.13290786411605482,0.10980142340414384,0.11175663572356369,0.9825047317614662
ml,2024-01-31,2025-12-31,24,0.35713164635523054,0.16989506506445812,1.898818455376871,-0.1329078641160547,0.13523355667438858,0.10926730357018992,1.2376397353625435
benchmark,2018-09-28,2020-08-31,24,0.09834928664533127,0.20651056122827655,0.556595226889761,-0.20001050382463903,,,
benchmark,2018-10-31,2020-09-30,24,0.07428658301601065,0.20936496454994297,0.4450680851968145,-0.20001050382463892,,,
benchmark,2018-11-30,2020-10-30,24,0.0981134087366049,0.20333184556304618,0.5609079507436884,-0.20001050382463903,,,
benchmark,2018-12-31,2020-11-30,24,0.14547106436286206,0.21481986960342997,0.7396596436985408,-0.20001050382463914,,,
benchmark,2019-01-31,2020-12-31,24,0.22405986985419113,0.20082272865281525,1.1121388828608583,-0.20001050382463903,,,
benchmark,2019-02-28,2021-01-29,24,0.1719891710042456,0.196807786490116,0.9066319837672521,-0.20001050382463903,,,
benchmark,2019-03-29,2021-02-26,24,0.1699173590310632,0.19668126405529973,0.897968170742887,-0.20001050382463903,,,
benchmark,2019-04-30,2021-03-31,24,0.18392094073484144,0.19765125596942582,0.9555755267962502,-0.20001050382463903,,,
benchmark,2019-05-31,2021-04-30,24,0.1913656184996737,0.19868195649992085,0.9836153116496649,-0.20001050382463903,,,
benchmark,2019-06-28,2021-05-28,24,0.23597041310222666,0.1895029551917369,1.219288239314123,-0.20001050382463892,,,
benchmark,2019-07-31,2021-06-30,24,0.20866048189458297,0.18595976630439703,1.1169117465138583,-0.20001050382463903,,,
benchmark,2019-08-30,2021-07-30,24,0.21438518989456856,0.18597135285204144,1.1427060965897344,-0.20001050382463914,,,
benchmark,2019-09-30,2021-08-31,24,0.24315890545446295,0.18421411632952536,1.2813981096909888,-0.20001050382463903,,,
benchmark,2019-10-31,2021-09-30,24,0.20294067665733473,0.19026131632362123,1.0705089768755167,-0.20001050382463914,,,
benchmark,2019-11-29,2021-10-29,24,0.23131818358908407,0.19380817454169874,1.1765885549424426,-0.20001050382463903,,,
benchmark,2019-12-31,2021-11-30,24,0.20582121812922605,0.19440771847567678,1.0639603699495395,-0.20001050382463903,,,
benchmark,2020-01-31,2021-12-31,24,0.21459512350248588,0.19515424679775603,1.0983806853597977,-0.20001050382463903,,,
benchmark,2020-02-28,2022-01-31,24,0.18319260734267107,0.2010469429839898,0.9394578024469781,-0.1987059226914264,,,
benchmark,2020-03-31,2022-02-28,24,0.21678820969741586,0.19056510547023853,1.1295358326988465,-0.12511928240892822,,,
benchmark,2020-04-30,2022-03-31,24,0.323954084839406,0.1588734235401333,1.8612074561747591,-0.08229656032898625,,,
benchmark,2020-05-29,2022-04-29,24,0.19110142461677881,0.15938239523495287,1.181410438828704,-0.13307302212846728,,,
benchmark,2020-06-30,2022-05-31,24,0.16504739387294154,0.15820567922385556,1.047255100628878,-0.13307302212846728,,,
benchmark,2020-07-31,2022-06-30,24,0.10497785002816684,0.17254977905164584,0.6637360356021326,-0.2057833016788927,,,
benchmark,2020-08-31,2022-07-29,24,0.12367839049188145,0.17925974878740594,0.7393463525034119,-0.20578330167889247,,,
benchmark,2020-09-30,2022-08-31,24,0.062967499143602,0.17757810253485898,0.42957235571493957,-0.2057833016788927,,,
benchmark,2020-10-30,2022-09-30,24,0.032568100852652826,0.18862035177969047,0.26083501831937644,-0.24769522239058828,,,
benchmark,2020-11-30,2022-10-31,24,0.08816645591166572,0.19440846790153582,0.5296240130507386,-0.24769522239058828,,,
benchmark,2020-12-31,2022-11-30,24,0.06141179432249966,0.18353855891913765,0.41444709135417857,-0.24769522239058817,,,
benchmark,2021-01-29,2022-12-30,24,0.011045017542451907,0.18766122633323018,0.1493145699765798,-0.2476952223905884,,,
benchmark,2021-02-26,2023-01-31,24,0.04764483077563275,0.19195972826129498,0.33582728622399394,-0.2476952223905884,,,
benchmark,2021-03-31,2023-02-28,24,0.020646702819326457,0.19256818114077445,0.1992195269456666,-0.24769522239058828,,,
benchmark,2021-04-30,2023-03-31,24,0.017023975449675488,0.19185230217990834,0.18071105522159964,-0.24769522239058828,,,
benchmark,2021-05-28,2023-04-28,24,-0.0013989055587262378,0.18859502542413004,0.0836625573532594,-0.2476952223905884,,,
benchmark,2021-06-30,2023-05-31,24,-0.0028918062321968696,0.18857231773088043,0.07570714329477019,-0.2476952223905884,,,
benchmark,2021-07-30,2023-06-30,24,0.017631634610927316,0.19338018007249724,0.1837468510772795,-0.24769522239058817,,,
benchmark,2021-08-31,2023-07-31,24,0.021797558074737378,0.193918400908172,0.20487193441329327,-0.2476952223905884,,,
benchmark,2021-09-30,2023-08-31,24,-0.0016619029241324856,0.19350334136982322,0.08462404128695361,-0.2476952223905885,,,
benchmark,2021-10-29,2023-09-29,24,-0.0022649042119824436,0.1936567459445616,0.08158732266370196,-0.2476952223905885,,,
benchmark,2021-11-30,2023-10-31,24,-0.04573033630514012,0.1876307767945012,-0.158619111748971,-0.24769522239058828,,,
benchmark,2021-12-31,2023-11-30,24,8.755963145734569e-05,0.1984038402000442,0.09573736230253012,-0.2476952223905884,,,
benchmark,2022-01-31,2023-12-29,24,0.0003828226913531463,0.19847242587398434,0.09725693175559035,-0.24769522239058828,,,
benchmark,2022-02-28,2024-01-31,24,0.035906834159789236,0.19458552525052644,0.2751656651893763,-0.20854404049026332,,,
benchmark,2022-03-31,2024-02-29,24,0.0794183767699499,0.195471730112036,0.48643259934366484,-0.20854404049026332,,,
benchmark,2022-04-29,2024-03-28,24,0.0769381009770278,0.19514694873698135,0.4750602976296036,-0.2085440404902632,,,
benchmark,2022-05-31,2024-04-30,24,0.10395915134450684,0.18582046931645105,0.6235986164924765,-0.132262816711044,,,
benchmark,2022-06-30,2024-05-31,24,0.13012501696094647,0.18761405554211646,0.7454739646284233,-0.132262816711044,,,
benchmark,2022-07-29,2024-06-28,24,0.20104885828319907,0.17436679016430023,1.1421687250524897,-0.13187207598588646,,,
benchmark,2022-08-31,2024-07-31,24,0.15629784270332214,0.16547669520954586,0.9624240850991808,-0.13187207598588646,,,
benchmark,2022-09-30,2024-08-30,24,0.19505935111130457,0.1603691224570706,1.1965905384839057,-0.09339567201327437,,,
benchmark,2022-10-31,2024-09-30,24,0.26771776674211956,0.13857884863086334,1.7945917079415559,-0.08611104904242195,,,
benchmark,2022-11-30,2024-10-31,24,0.21388741174155457,0.13301659096815427,1.5322327282297448,-0.08611104904242173,,,
benchmark,2022-12-30,2024-11-29,24,0.21592951319175424,0.1335509309805619,1.5393870610582319,-0.08611104904242173,,,
benchmark,2023-01-31,2024-12-31,24,0.23768893967667393,0.12535817625223294,1.7755303268694187,-0.08611104904242173,,,
benchmark,2023-02-28,2025-01-31,24,0.21727431912697703,0.12145760857954185,1.6895521759377776,-0.08611104904242162,,,
benchmark,2023-03-31,2025-02-28,24,0.2246703328423998,0.11952883685276458,1.766470527407939,-0.08611104904242195,,,
benchmark,2023-04-28,2025-03-31,24,0.1686072471585094,0.1299519825859452,1.2685147934353032,-0.08611104904242184,,,
benchmark,2023-05-31,2025-04-30,24,0.15571301550227634,0.13082202285724523,1.1749731924713165,-0.08611104904242206,,,
benchmark,2023-06-30,2025-05-30,24,0.18925917476081056,0.1349856205783305,1.357426875865641,-0.08611104904242195,,,
benchmark,2023-07-31,2025-06-30,24,0.180784403445017,0.13249559730557095,1.325876482559788,-0.08611104904242184,,,
benchmark,2023-08-31,2025-07-31,24,0.17534836000384035,0.13204870814205966,1.2944966596272014,-0.08611104904242184,,,
benchmark,2023-09-29,2025-08-29,24,0.1971523092109988,0.12994851182072908,1.4569464946402515,-0.07805105567413462,,,
benchmark,2023-10-31,2025-09-30,24,0.24891578688717098,0.1214992155528156,1.9041238667300222,-0.07805105567413484,,,
benchmark,2023-11-30,2025-10-31,24,0.2771166259628952,0.11762905701365238,2.156634107974715,-0.07805105567413484,,,
benchmark,2023-12-29,2025-11-28,24,0.22451159196837134,0.10704577487640055,1.9593768308844868,-0.07805105567413473,,,
benchmark,2024-01-31,2025-12-31,24,0.1979843191655608,0.10588199533231356,1.7695768554361337,-0.07805105567413484,,,
