subperiod,requested_start,requested_end,strategy,start_date,end_date,observations,annual_return,annual_volatility,sharpe,sortino,max_drawdown,calmar,annual_active_return,tracking_error,information_ratio,beta,annual_alpha
period_1,2018-09-28,2019-12-31,momentum_3m_equal,2018-09-28,2019-12-31,16,0.10468312698774351,0.21204619889238863,0.573532126975423,0.8194283751941076,-0.2056512969213642,0.5090321751181159,0.027817906340235295,0.13355445470389332,0.2082888691501232,1.0014788089654896,0.027679197902508265
period_1,2018-09-28,2019-12-31,momentum_12_1_equal,2018-09-28,2019-12-31,16,0.09129650737839046,0.19217270236706238,0.5503656443879785,0.7317239969896989,-0.19295816279847255,0.4731414626586254,0.011967852044457597,0.0938609574384981,0.1275061790446733,1.0198482642073903,0.010106136444911012
period_1,2018-09-28,2019-12-31,momentum_max_sharpe,2018-09-28,2019-12-31,16,0.04144626812242613,0.18091872502328388,0.31242226766055076,0.4138095797239693,-0.24032197900887364,0.1724614131980653,-0.0372743627935399,0.1293122399727139,-0.2882508477264421,0.7959671255154787,-0.01813660942230415
period_1,2018-09-28,2019-12-31,momentum_min_vol,2018-09-28,2019-12-31,16,0.13763234948317526,0.1466728518171334,0.9535664009569607,1.453700729515606,-0.14442532198399916,0.9529655021189671,0.0460649022977876,0.08699066732366856,0.5295384403293821,0.7578040138963674,0.06878225635783741
period_1,2018-09-28,2019-12-31,ml,2018-09-28,2019-12-31,16,0.09444717645778478,0.198145371678104,0.5514412926281955,0.8254053356920191,-0.1813774683122762,0.5207216603948611,0.015468138758898041,0.08734861969093359,0.17708509663494507,1.08476053173848,0.007517821163637681
period_1,2018-09-28,2019-12-31,benchmark,2018-09-28,2019-12-31,16,0.08395527631718092,0.16445912556324196,0.570338683282738,0.8096706279397314,-0.1397160878047652,0.6008991350695229,,,,,
period_2,2020-01-01,2021-12-31,momentum_3m_equal,2020-01-31,2021-12-31,24,0.9745400958286379,0.3227910526264761,2.3109610378109853,7.750116461517592,-0.12700038200309205,7.673520980471626,0.5316038906251873,0.21366515954181944,2.4880232779417626,1.2685569975942717,0.47403771652141147
period_2,2020-01-01,2021-12-31,momentum_12_1_equal,2020-01-31,2021-12-31,24,0.74937815720555,0.32067863623006576,1.928312676767397,5.845288887156538,-0.1341952402711447,5.584237978123616,0.40401502406232237,0.2090605730524957,1.9325261485860032,1.2762660497110478,0.34479638645804267
period_2,2020-01-01,2021-12-31,momentum_max_sharpe,2020-01-31,2021-12-31,24,0.8410835825901091,0.41843553468446604,1.673872586765046,5.762620454205772,-0.15529003507472317,5.416210912602297,0.48605411548810795,0.30088530101977684,1.615413294836095,1.6100949532206787,0.3552780321555258
period_2,2020-01-01,2021-12-31,momentum_min_vol,2020-01-31,2021-12-31,24,0.4564801599011923,0.24041453590719183,1.6996056824937003,4.235927176902338,-0.11014951891966718,4.144186596349154,0.1942562560333546,0.1457161203940015,1.3331143836941686,0.9800549884668402,0.1985315421614573
period_2,2020-01-01,2021-12-31,ml,2020-01-31,2021-12-31,24,0.7365759640553249,0.2855101147135253,2.10402993559851,7.020935036837648,-0.1138102583253412,6.47196460928617,0.3863681729248274,0.17241350321600796,2.2409391707606954,1.179918139467501,0.3478020620664504
period_2,2020-01-01,2021-12-31,benchmark,2020-01-31,2021-12-31,24,0.21459512350248588,0.19515424679775603,1.0983806853597977,1.8282604468172883,-0.20001050382463903,1.0729192687331763,,,,,
period_3,2022-01-01,2022-12-31,momentum_3m_equal,2022-01-31,2022-12-30,12,-0.0699277784930128,0.16995858289442248,-0.3458235095667587,-0.44048581762785,-0.1219401315920895,-0.5734599231607616,0.13129480445903022,0.1365388171807342,0.9615932463018001,0.5970627924579223,0.05470833678666849
period_3,2022-01-01,2022-12-31,momentum_12_1_equal,2022-01-31,2022-12-30,12,-0.04743987231581359,0.24000525664980102,-0.09578735959466028,-0.16225247132828452,-0.18863079541490235,-0.2514959034735943,0.16708100825324906,0.1091068898590965,1.5313515807207212,0.9330337769842871,0.15435270622967018
period_3,2022-01-01,2022-12-31,momentum_max_sharpe,2022-01-31,2022-12-30,12,0.0033116727027702186,0.2385009034105071,0.12187692746012438,0.19362833428817486,-0.15072488090419667,0.021971639207166962,0.2191382353807088,0.15664688791360168,1.3989313053035184,0.806494110697787,0.18235847849040493
period_3,2022-01-01,2022-12-31,momentum_min_vol,2022-01-31,2022-12-30,12,0.03338407334944171,0.20745339759602022,0.25075866731133856,0.45919594865948254,-0.14555048423352313,0.22936422043007335,0.24209121558695956,0.1536494325837607,1.5756076121855218,0.6841059225441968,0.18204907726337727
period_3,2022-01-01,2022-12-31,ml,2022-01-31,2022-12-30,12,-0.14370205439576567,0.2524101271035614,-0.49513988142644866,-0.6926894401946387,-0.19862249554466727,-0.7234933485338734,0.06509215767168004,0.11807383851718574,0.5512834891211386,0.9716125439708247,0.05969654033283702
period_3,2022-01-01,2022-12-31,benchmark,2022-01-31,2022-12-30,12,-0.1944282720342927,0.2297067246272222,-0.8274484710233309,-1.0538483181827643,-0.24769522239058828,-0.784949625421925,,,,,
period_4,2023-01-01,2025-12-31,momentum_3m_equal,2023-01-31,2025-12-31,36,0.274476811635616,0.18125895996111352,1.4386472302793516,2.734476952230003,-0.18572366547688102,1.47787742036452,0.05963144300181347,0.14819964432428315,0.4023723759507201,0.8835874731231734,0.08304622300833178
period_4,2023-01-01,2025-12-31,momentum_12_1_equal,2023-01-31,2025-12-31,36,0.2863939717849162,0.19303264876512802,1.4103442122560181,2.9220320645040987,-0.17058852559368298,1.6788583569041737,0.0711062212527888,0.12894788826120313,0.5514337784947092,1.2266982070850454,0.025508992250236243
period_4,2023-01-01,2025-12-31,momentum_max_sharpe,2023-01-31,2025-12-31,36,0.3192435021575424,0.21367868567598003,1.4105815684844647,3.4474078324683273,-0.14656384378760956,2.1781872930418538,0.1002749578829644,0.18854908248764213,0.5318241624937984,0.8559814623413472,0.12924230758842897
period_4,2023-01-01,2025-12-31,momentum_min_vol,2023-01-31,2025-12-31,36,0.1382222002627549,0.12936935731055468,1.0685081131960585,1.9637268754119293,-0.0958625088575189,1.4418796452343583,-0.06290404982427086,0.1195692726006948,-0.5260887555479311,0.5859195170721386,0.020382548902405845
period_4,2023-01-01,2025-12-31,ml,2023-01-31,2025-12-31,36,0.3504936930040081,0.1709089256067097,1.8608543355579246,4.387888906335258,-0.1329078641160547,2.637117790847637,0.11690035749123423,0.11054265969539896,1.0575135229544317,1.0983671104928112,0.09711516500500755
period_4,2023-01-01,2025-12-31,benchmark,2023-01-31,2025-12-31,36,0.21257934892555763,0.11915167470232303,1.6880690784418906,3.504994292145323,-0.08611104904242173,2.46866518628559,,,,,
