strategy,cost_bps,start_date,end_date,observations,annual_return,annual_volatility,sharpe,sortino,max_drawdown,calmar,annual_active_return,tracking_error,information_ratio,beta,annual_alpha,average_turnover,total_transaction_cost,benchmark_sharpe
momentum_3m_equal,0,2018-09-28,2025-12-31,88,0.3468564868654336,0.24215539108229137,1.3589951630151458,2.9406539243135272,-0.20346437456941824,1.7047529209940024,0.1972095314625952,0.17322650764312297,1.138448925316219,0.999681283986119,0.1972515632440548,0.40586107072582217,0.0,0.7791320078308716
momentum_3m_equal,5,2018-09-28,2025-12-31,88,0.34363369212453176,0.24222855961432335,1.3485314831356678,2.9098751618665424,-0.20455839691064326,1.6798806468679965,0.19477436503824028,0.17328507426159004,1.1240112044745996,0.9999456402239686,0.1947815339225349,0.40586107072582217,0.017857887111936175,0.7791320078308716
momentum_3m_equal,10,2018-09-28,2025-12-31,88,0.34041779836627173,0.24230221801863244,1.3380714175106458,2.879265660895491,-0.2056512969213642,1.6553155922787046,0.19233919861388532,0.173344336725384,1.1095787854817165,1.0002099964618183,0.19231150460101493,0.40586107072582217,0.03571577422387235,0.7791320078308716
momentum_3m_equal,25,2018-09-28,2025-12-31,88,0.3308113919742377,0.2425261279869577,1.3067135309814653,2.788445383516996,-0.20892327061574412,1.583410938375901,0.18503369934082053,0.17352629201754718,1.0663150649361521,1.0010030651753674,0.18490141663645515,0.40586107072582217,0.08928943555968087,0.7791320078308716
momentum_3m_equal,50,2018-09-28,2025-12-31,88,0.31493751479154075,0.24290906655607197,1.25452847543252,2.6403907435251974,-0.21435418481294266,1.4692389377253012,0.17285786721904586,0.17384339971696505,0.9943309179438291,1.0023248463646153,0.17255127002885548,0.40586107072582217,0.17857887111936174,0.7791320078308716
momentum_3m_equal,100,2018-09-28,2025-12-31,88,0.2836969362811903,0.24371131678840066,1.150478690881707,2.3561435722089326,-0.22556101010448693,1.2577392526739128,0.14850620297549652,0.17452920222914353,0.8508960167050967,1.0049684087431123,0.14785097681365622,0.40586107072582217,0.3571577422387235,0.7791320078308716
momentum_12_1_equal,0,2018-09-28,2025-12-31,88,0.30711761785374403,0.24476551336119598,1.2222632247363265,2.6200102726644308,-0.20529485901976108,1.4959829940221825,0.1672894119488181,0.1522871659339258,1.0985128715403467,1.140814696730984,0.14871898466711508,0.25457005411889305,0.0,0.7791320078308716
momentum_12_1_equal,5,2018-09-28,2025-12-31,88,0.3051488257757142,0.24481581860401455,1.2157730126982231,2.6016001139749725,-0.2064650112974742,1.4779687069401637,0.16576199162410474,0.15237341124551865,1.087866907153592,1.1407859526745974,0.14719535506468645,0.25457005411889305,0.011201082381231294,0.7791320078308716
momentum_12_1_equal,10,2018-09-28,2025-12-31,88,0.30318265765590335,0.24486642223332244,1.2092839937585151,2.58325514594528,-0.20763364403817963,1.4601807865017973,0.1642345712993914,0.15246010360686138,1.0772298287484574,1.1407572086182105,0.14567172546225776,0.25457005411889305,0.02240216476246259,0.7791320078308716
momentum_12_1_equal,25,2018-09-28,2025-12-31,88,0.2972998664603994,0.2450200215859717,1.1898243341687071,2.52860917619799,-0.21113044217641608,1.4081335850752494,0.1596523103252513,0.15272285535679356,1.045372743668713,1.1406709764490495,0.14110083665497192,0.25457005411889305,0.056005411906156474,0.7791320078308716
momentum_12_1_equal,50,2018-09-28,2025-12-31,88,0.2875474086299401,0.24528197079129466,1.1574176508045244,2.4388157078349333,-0.21692820804241408,1.3255418058573483,0.15201520870168453,0.1531696443774953,0.9924630256830418,1.1405272561671151,0.13348268864282872,0.25457005411889305,0.11201082381231295,0.7791320078308716
momentum_12_1_equal,100,2018-09-28,2025-12-31,88,0.26823685474418046,0.24582809632049443,1.0927126849675568,2.2639404251951554,-0.22841113926159318,1.1743597777732546,0.13674100545455095,0.1540961326259513,0.8873746740060785,1.140239815603246,0.11824639261854233,0.25457005411889305,0.2240216476246259,0.7791320078308716
momentum_max_sharpe,0,2018-09-28,2025-12-31,88,0.34115968645838457,0.28773860075826474,1.1627435344204489,2.887833129458803,-0.2381859349258747,1.4323250722783278,0.20268772391857953,0.21740978730130803,0.932284265738574,1.1200069160183566,0.18686139499868087,0.5000505960812706,0.0,0.7791320078308716
momentum_max_sharpe,5,2018-09-28,2025-12-31,88,0.3372111948670302,0.28779670856356476,1.1520836903009255,2.8513973591000616,-0.2392545047847986,1.409424642475762,0.19968742034209191,0.21746048608934682,0.9182699070213953,1.1202057933109317,0.1838348637883917,0.5000505960812706,0.022002226227575906,0.7791320078308716
momentum_max_sharpe,10,2018-09-28,2025-12-31,88,0.33327312802143183,0.28785542471137454,1.1414257376296748,2.8152007349221932,-0.24032197900887364,1.386777561486068,0.1966871167656043,0.21751199366489432,0.9042587190324158,1.1204046706035067,0.1808083325781024,0.5000505960812706,0.04400445245515181,0.7791320078308716
momentum_max_sharpe,25,2018-09-28,2025-12-31,88,0.32152123171917935,0.2880352194702607,1.109463906324191,2.70803325675299,-0.243517835171566,1.320319029169496,0.18768620603614142,0.21767136333001022,0.8622457413086143,1.1210013024812315,0.17172873894723467,0.5000505960812706,0.11001113113787953,0.7791320078308716
momentum_max_sharpe,50,2018-09-28,2025-12-31,88,0.30214096075510843,0.2883470088199532,1.0562383258851675,2.5340851385760206,-0.24882241750599732,1.2142835190797308,0.1726846881537033,0.21795309991983694,0.7923020513001036,1.1219956889441065,0.1565960828957885,0.5000505960812706,0.22002226227575905,0.7791320078308716
momentum_max_sharpe,100,2018-09-28,2025-12-31,88,0.26414292684114193,0.2890159006511711,0.949982770797404,2.2030772829925622,-0.2593499926171018,1.0184805643357635,0.14268165238882702,0.21857673737073707,0.6527760186429113,1.1239844618698565,0.12633077079289606,0.5000505960812706,0.4400445245515181,0.7791320078308716
momentum_min_vol,0,2018-09-28,2025-12-31,88,0.20901776433502417,0.18043634349001772,1.1469528191725196,2.338658478977364,-0.14322923511448504,1.4593233299609083,0.0750734991307772,0.13029937009896664,0.5761616427904173,0.7718902012715441,0.10515627122681373,0.5366766558461357,0.0,0.7791320078308716
momentum_min_vol,5,2018-09-28,2025-12-31,88,0.20517422276379227,0.18049911064039928,1.1287142201928442,2.2901400377204033,-0.14439045987840737,1.4209679984160415,0.07185343919570042,0.1302790146328434,0.5515350219542275,0.7723781421653615,0.10187186239139656,0.5366766558461357,0.023613772857229966,0.7791320078308716
momentum_min_vol,10,2018-09-28,2025-12-31,88,0.20134167250911017,0.18056282964799242,1.1104824473996198,2.2420785631740388,-0.1455504842335229,1.3833115950756663,0.06863337926062359,0.1302600056725361,0.5268952577290896,0.772866083059179,0.09858745355597928,0.5366766558461357,0.04722754571445993,0.7791320078308716
momentum_min_vol,25,2018-09-28,2025-12-31,88,0.18990968988518375,0.18075968767277364,1.055830952292685,2.1005977858367886,-0.14911184308945868,1.2736056771241748,0.05897319945539315,0.13021106351476794,0.4529046754057475,0.7743299057406322,0.08873422704972758,0.5366766558461357,0.11806886428614982,0.7791320078308716
momentum_min_vol,50,2018-09-28,2025-12-31,88,0.17107361015832212,0.18110672485513643,0.9649082530539318,1.8735428785686392,-0.15555231853706275,1.0997818082509723,0.042872899780009084,0.1301564702186979,0.3293950712398014,0.7767696102097204,0.07231218287264132,0.5366766558461357,0.23613772857229964,0.7791320078308716
momentum_min_vol,100,2018-09-28,2025-12-31,88,0.1342036573964276,0.18187132644317025,0.7838001565907304,1.45064757176149,-0.16890754902122695,0.794539132052422,0.01067230042924095,0.13014856699223304,0.08200090616347583,0.7816490191478969,0.03946809451846893,0.5366766558461357,0.4722754571445993,0.7791320078308716
ml,0,2018-09-28,2025-12-31,88,0.31849383340725756,0.2298598156516758,1.3256636657817187,2.83658232144988,-0.19701307127910994,1.616612701580825,0.17283833211643088,0.13226924822869682,1.3067159179553895,1.116759002343153,0.15744033309478028,0.662810695230205,0.0,0.7791320078308716
ml,5,2018-09-28,2025-12-31,88,0.3133665024850627,0.22987387353742372,1.308282394312064,2.78571473011387,-0.19781803047075885,1.5841149653513715,0.16886146794504964,0.13230928643642165,1.276263159549215,1.1166869193390367,0.15347297511996283,0.662810695230205,0.029163670590129018,0.7791320078308716
ml,10,2018-09-28,2025-12-31,88,0.3082573020577686,0.2298884349223671,1.2909004212855009,2.7352963714953127,-0.19862249554466727,1.5519757780328869,0.1648846037736684,0.13235018859043746,1.2458206937952305,1.1166148363349204,0.14950561714514532,0.662810695230205,0.058327341180258035,0.7791320078308716
ml,25,2018-09-28,2025-12-31,88,0.293037906449386,0.2299351390992603,1.2387514413481866,2.586696008532042,-0.2010329275017284,1.4576612403302267,0.1529540112595247,0.13247807064350386,1.1545609814255313,1.116398587322572,0.13760354322069282,0.662810695230205,0.1458183529506451,0.7791320078308716
ml,50,2018-09-28,2025-12-31,88,0.26802949349035377,0.23002303980414832,1.1518331569936937,2.3476836074848024,-0.20695038243368957,1.2951389136777023,0.13306969040261854,0.13270840848580995,1.0027223739695983,1.1160381723019912,0.11776675334660523,0.662810695230205,0.2916367059012902,0.7791320078308716
ml,100,2018-09-28,2025-12-31,88,0.2193268944426494,0.23023651330304332,0.9780356693844594,1.9006669195648214,-0.235415963542973,0.9316568474873766,0.09330104868880623,0.1332331736714689,0.7002839166683164,1.1153173422608296,0.07809317359843017,0.662810695230205,0.5832734118025804,0.7791320078308716
