strategy,timing,aum,observations,first_signal_date,last_valuation_date,median_trade_pct_adv,p95_trade_pct_adv,max_trade_pct_adv,pct_trades_gt_1pct_adv,pct_trades_gt_5pct_adv,pct_trades_gt_10pct_adv,estimated_cost_bps,annualized_turnover,diagnostic_sharpe,diagnostic_cagr,constant_10bps_sharpe,capacity_flag
ml,next_session_open,100000.0,51,2021-08-31,2025-12-01,4.582295609130949e-06,2.268872439997908e-05,3.604129382725765e-05,0.0,0.0,0.0,7.2068996297811525,8.294782148372757,1.0925254531519626,0.21203792855951487,1.0940608527225741,within_largest_tested_limit_not_execution_assurance
ml,next_session_open,1000000.0,51,2021-08-31,2025-12-01,4.58229560913095e-05,0.0002268872439997908,0.0003604129382725765,0.0,0.0,0.0,8.055853924739997,8.294782148372757,1.0873927918292399,0.21082606702363815,1.0940608527225741,within_largest_tested_limit_not_execution_assurance
ml,next_session_open,10000000.0,51,2021-08-31,2025-12-01,0.00045822956091309494,0.0022688724399979082,0.0036041293827257653,0.0,0.0,0.0,10.740483126192348,8.294782148372757,1.071153024304219,0.20700105368525779,1.0940608527225741,within_largest_tested_limit_not_execution_assurance
ml,next_session_open,50000000.0,51,2021-08-31,2025-12-01,0.002291147804565475,0.01134436219998954,0.018020646913628827,0.10613207547169812,0.0,0.0,15.593538021454151,8.294782148372757,1.0417621928618783,0.2001143073564149,1.0940608527225741,within_largest_tested_limit_not_execution_assurance
ml,next_session_open,100000000.0,51,2021-08-31,2025-12-01,0.00458229560913095,0.02268872439997908,0.03604129382725765,0.42924528301886794,0.0,0.0,19.230026075780792,8.294782148372757,1.0197108014286809,0.19497731472834445,1.0940608527225741,within_largest_tested_limit_not_execution_assurance
ml,same_close_diagnostic,100000.0,51,2021-08-31,2025-11-28,4.582295609130949e-06,2.2632143019147516e-05,3.604129382725765e-05,0.0,0.0,0.0,7.2069092296191215,8.294966558036387,1.0692295359845785,0.21153413272716604,1.0707469893178256,within_largest_tested_limit_not_execution_assurance
ml,same_close_diagnostic,1000000.0,51,2021-08-31,2025-11-28,4.58229560913095e-05,0.0002263214301914752,0.0003604129382725765,0.0,0.0,0.0,8.055551994679819,8.294966558036387,1.0642093651707771,0.21032293035657634,1.0707469893178256,within_largest_tested_limit_not_execution_assurance
ml,same_close_diagnostic,10000000.0,51,2021-08-31,2025-11-28,0.00045822956091309494,0.002263214301914752,0.0036041293827257653,0.0,0.0,0.0,10.739196052094782,8.294966558036387,1.048326128082103,0.20649999630261906,1.0707469893178256,within_largest_tested_limit_not_execution_assurance
ml,same_close_diagnostic,50000000.0,51,2021-08-31,2025-11-28,0.002291147804565475,0.011316071509573759,0.018020646913628827,0.10613207547169812,0.0,0.0,15.590470083879948,8.294966558036387,1.0195828900674881,0.1996169888333965,1.0707469893178256,within_largest_tested_limit_not_execution_assurance
ml,same_close_diagnostic,100000000.0,51,2021-08-31,2025-11-28,0.00458229560913095,0.022632143019147517,0.03604129382725765,0.42924528301886794,0.0,0.0,19.22562370270175,8.294966558036387,0.9980193412978681,0.194482781087284,1.0707469893178256,within_largest_tested_limit_not_execution_assurance
momentum_12_1_equal,next_session_open,100000.0,51,2021-08-31,2025-12-01,6.568860657919633e-07,2.1174979238600144e-05,3.4339836460298335e-05,0.0,0.0,0.0,2.8420988395313396,3.355657905164481,1.050427515088278,0.22021998002792897,1.0506694792937836,within_largest_tested_limit_not_execution_assurance
momentum_12_1_equal,next_session_open,1000000.0,51,2021-08-31,2025-12-01,6.568860657919632e-06,0.00021174979238600144,0.00034339836460298335,0.0,0.0,0.0,3.1529402378854763,3.355657905164481,1.0486117652009546,0.2197695597104441,1.0506694792937836,within_largest_tested_limit_not_execution_assurance
momentum_12_1_equal,next_session_open,10000000.0,51,2021-08-31,2025-12-01,6.568860657919632e-05,0.002117497923860014,0.0034339836460298336,0.0,0.0,0.0,4.135907047756263,3.355657905164481,1.0428699669783372,0.21834615858387152,1.0506694792937836,within_largest_tested_limit_not_execution_assurance
momentum_12_1_equal,next_session_open,50000000.0,51,2021-08-31,2025-12-01,0.0003284430328959816,0.010587489619300072,0.017169918230149166,0.060126582278481014,0.0,0.0,5.912834709104271,3.355657905164481,1.0324908920011722,0.21577672097066047,1.0506694792937836,within_largest_tested_limit_not_execution_assurance
momentum_12_1_equal,next_session_open,100000000.0,51,2021-08-31,2025-12-01,0.0006568860657919632,0.021174979238600143,0.03433983646029833,0.18670886075949367,0.0,0.0,7.244321031297631,3.355657905164481,1.0247141345591781,0.2138544863370302,1.0506694792937836,within_largest_tested_limit_not_execution_assurance
momentum_12_1_equal,same_close_diagnostic,100000.0,51,2021-08-31,2025-11-28,7.229813474122556e-07,2.110167822883295e-05,3.458055271356683e-05,0.0,0.0,0.0,2.8465111871036193,3.3605760103146207,1.039977697343167,0.22361032829048666,1.0402042457222984,within_largest_tested_limit_not_execution_assurance
momentum_12_1_equal,same_close_diagnostic,1000000.0,51,2021-08-31,2025-11-28,7.229813474122556e-06,0.00021101678228832945,0.0003458055271356683,0.0,0.0,0.0,3.158031381961772,3.3605760103146207,1.038210873779484,0.22315772897787745,1.0402042457222984,within_largest_tested_limit_not_execution_assurance
momentum_12_1_equal,same_close_diagnostic,10000000.0,51,2021-08-31,2025-11-28,7.229813474122555e-05,0.002110167822883295,0.003458055271356683,0.0,0.0,0.0,4.1431447348530055,3.3605760103146207,1.0326237501144553,0.2217274435291945,1.0402042457222984,within_largest_tested_limit_not_execution_assurance
momentum_12_1_equal,same_close_diagnostic,50000000.0,51,2021-08-31,2025-11-28,0.0003614906737061278,0.010550839114416474,0.017290276356783416,0.060126582278481014,0.0,0.0,5.923952742547408,3.3605760103146207,1.0225241081618615,0.21914558512962645,1.0402042457222984,within_largest_tested_limit_not_execution_assurance
momentum_12_1_equal,same_close_diagnostic,100000000.0,51,2021-08-31,2025-11-28,0.0007229813474122556,0.021101678228832948,0.03458055271356683,0.18670886075949367,0.0,0.0,7.258346683434525,3.3605760103146207,1.014956581717707,0.21721406369539253,1.0402042457222984,within_largest_tested_limit_not_execution_assurance
momentum_3m_equal,next_session_open,100000.0,51,2021-08-31,2025-12-01,1.7332313451777989e-06,2.2151641645062154e-05,3.1689139869330596e-05,0.0,0.0,0.0,4.385864812015978,5.101879716764747,1.0677213923624151,0.2108623507512113,1.0683386867049127,within_largest_tested_limit_not_execution_assurance
momentum_3m_equal,next_session_open,1000000.0,51,2021-08-31,2025-12-01,1.7332313451777988e-05,0.00022151641645062154,0.000316891398693306,0.0,0.0,0.0,4.88824320776675,5.101879716764747,1.0645477738114626,0.2101372062105804,1.0683386867049127,within_largest_tested_limit_not_execution_assurance
momentum_3m_equal,next_session_open,10000000.0,51,2021-08-31,2025-12-01,0.00017332313451777986,0.0022151641645062154,0.0031689139869330598,0.0,0.0,0.0,6.476903185600637,5.101879716764747,1.0545157288178573,0.20784664433556044,1.0683386867049127,within_largest_tested_limit_not_execution_assurance
momentum_3m_equal,next_session_open,50000000.0,51,2021-08-31,2025-12-01,0.0008666156725888994,0.011075820822531076,0.0158445699346653,0.08146067415730338,0.0,0.0,9.348753822613125,5.101879716764747,1.0363954856205417,0.2037157568244048,1.0683386867049127,within_largest_tested_limit_not_execution_assurance
momentum_3m_equal,next_session_open,100000000.0,51,2021-08-31,2025-12-01,0.001733231345177799,0.022151641645062153,0.0316891398693306,0.28651685393258425,0.0,0.0,11.50068714310834,5.101879716764747,1.0228303580450762,0.20062866003678814,1.0683386867049127,within_largest_tested_limit_not_execution_assurance
momentum_3m_equal,same_close_diagnostic,100000.0,51,2021-08-31,2025-11-28,1.7139550813849466e-06,2.2150235464611056e-05,3.1689139869330596e-05,0.0,0.0,0.0,4.379226341469253,5.094315557929152,1.0726384884001656,0.2114715827418967,1.0732518486586022,within_largest_tested_limit_not_execution_assurance
momentum_3m_equal,same_close_diagnostic,1000000.0,51,2021-08-31,2025-11-28,1.7139550813849467e-05,0.00022150235464611054,0.000316891398693306,0.0,0.0,0.0,4.880880363715967,5.094315557929152,1.069470786646591,0.2107475898772706,1.0732518486586022,within_largest_tested_limit_not_execution_assurance
momentum_3m_equal,same_close_diagnostic,10000000.0,51,2021-08-31,2025-11-28,0.00017139550813849468,0.0022150235464611055,0.0031689139869330598,0.0,0.0,0.0,6.467249671400361,5.094315557929152,1.0594570435268842,0.20846066037473432,1.0732518486586022,within_largest_tested_limit_not_execution_assurance
momentum_3m_equal,same_close_diagnostic,50000000.0,51,2021-08-31,2025-11-28,0.0008569775406924733,0.011075117732305528,0.0158445699346653,0.08146067415730338,0.0,0.0,9.33495942073405,5.094315557929152,1.0413683145139303,0.20433630244870038,1.0732518486586022,within_largest_tested_limit_not_execution_assurance
momentum_3m_equal,same_close_diagnostic,100000000.0,51,2021-08-31,2025-11-28,0.0017139550813849466,0.022150235464611055,0.0316891398693306,0.28651685393258425,0.0,0.0,11.4837898938675,5.094315557929152,1.0278254819637793,0.20125406751521635,1.0732518486586022,within_largest_tested_limit_not_execution_assurance
momentum_max_sharpe,next_session_open,100000.0,51,2021-08-31,2025-12-01,3.791382636709018e-06,3.726867847930706e-05,5.969698277818352e-05,0.0,0.0,0.0,5.577018952171726,6.34489537604459,1.087107029800758,0.2378943927891386,1.0885405371465517,within_largest_tested_limit_not_execution_assurance
momentum_max_sharpe,next_session_open,1000000.0,51,2021-08-31,2025-12-01,3.791382636709018e-05,0.00037268678479307065,0.0005969698277818352,0.0,0.0,0.0,6.415215842248114,6.34489537604459,1.0824365082451366,0.23666559785923402,1.0885405371465517,within_largest_tested_limit_not_execution_assurance
momentum_max_sharpe,next_session_open,10000000.0,51,2021-08-31,2025-12-01,0.0003791382636709018,0.003726867847930706,0.0059696982778183515,0.0,0.0,0.0,9.065827142559293,6.34489537604459,1.0676665131756669,0.23278690656995304,1.0885405371465517,within_largest_tested_limit_not_execution_assurance
momentum_max_sharpe,next_session_open,50000000.0,51,2021-08-31,2025-12-01,0.0018956913183545091,0.018634339239653533,0.02984849138909176,0.20875420875420875,0.0,0.0,13.857387235644914,6.34489537604459,1.0409653565343038,0.22580263042253135,1.0885405371465517,within_largest_tested_limit_not_execution_assurance
momentum_max_sharpe,next_session_open,100000000.0,51,2021-08-31,2025-12-01,0.0037913826367090182,0.037268678479307066,0.05969698277818352,0.3569023569023569,0.016835016835016835,0.0,17.447796043323187,6.34489537604459,1.020957589906375,0.2205921451494708,1.0885405371465517,within_largest_tested_limit_not_execution_assurance
momentum_max_sharpe,same_close_diagnostic,100000.0,51,2021-08-31,2025-11-28,3.798736531518417e-06,3.723786541473082e-05,5.969698277818352e-05,0.0,0.0,0.0,5.570294914384306,6.337233324765531,1.0780464646760635,0.2354478313151518,1.0794656384309045,within_largest_tested_limit_not_execution_assurance
momentum_max_sharpe,same_close_diagnostic,1000000.0,51,2021-08-31,2025-11-28,3.7987365315184164e-05,0.00037237865414730824,0.0005969698277818352,0.0,0.0,0.0,6.407758803026638,6.337233324765531,1.0734043742770167,0.23422342247275063,1.0794656384309045,within_largest_tested_limit_not_execution_assurance
momentum_max_sharpe,same_close_diagnostic,10000000.0,51,2021-08-31,2025-11-28,0.00037987365315184167,0.003723786541473082,0.0059696982778183515,0.0,0.0,0.0,9.056052149278035,6.337233324765531,1.0587229565536065,0.23035856515467712,1.0794656384309045,within_largest_tested_limit_not_execution_assurance
momentum_max_sharpe,same_close_diagnostic,50000000.0,51,2021-08-31,2025-11-28,0.0018993682657592083,0.01861893270736541,0.02984849138909176,0.20875420875420875,0.0,0.0,13.843422033045096,6.337233324765531,1.0321767918581801,0.22339915835381507,1.0794656384309045,within_largest_tested_limit_not_execution_assurance
momentum_max_sharpe,same_close_diagnostic,100000000.0,51,2021-08-31,2025-11-28,0.0037987365315184166,0.03723786541473082,0.05969698277818352,0.3569023569023569,0.016835016835016835,0.0,17.430691035701386,6.337233324765531,1.0122808310693123,0.2182071917113375,1.0794656384309045,within_largest_tested_limit_not_execution_assurance
momentum_min_vol,next_session_open,100000.0,51,2021-08-31,2025-12-01,3.772021691594965e-06,4.029576207081811e-05,5.969698277818352e-05,0.0,0.0,0.0,5.618016821241444,6.359076095565545,0.920844708954291,0.1368224702251577,0.9231501855151866,within_largest_tested_limit_not_execution_assurance
momentum_min_vol,next_session_open,1000000.0,51,2021-08-31,2025-12-01,3.7720216915949644e-05,0.00040295762070818115,0.0005969698277818352,0.0,0.0,0.0,6.5193102768674,6.359076095565545,0.9135708506456827,0.13560039746856756,0.9231501855151866,within_largest_tested_limit_not_execution_assurance
momentum_min_vol,next_session_open,10000000.0,51,2021-08-31,2025-12-01,0.0003772021691594965,0.004029576207081811,0.0059696982778183515,0.0,0.0,0.0,9.369450436849325,6.359076095565545,0.8905782948647236,0.13174354768480567,0.9231501855151866,within_largest_tested_limit_not_execution_assurance
momentum_min_vol,next_session_open,50000000.0,51,2021-08-31,2025-12-01,0.0018860108457974822,0.020147881035409057,0.02984849138909176,0.2070063694267516,0.0,0.0,14.521702616815059,6.359076095565545,0.8490529246087553,0.12480099444388704,0.9231501855151866,within_largest_tested_limit_not_execution_assurance
momentum_min_vol,next_session_open,100000000.0,51,2021-08-31,2025-12-01,0.0037720216915949644,0.040295762070818114,0.05969698277818352,0.34394904458598724,0.01910828025477707,0.0,18.3823849931089,6.359076095565545,0.817972557797807,0.119623648632881,0.9231501855151866,within_largest_tested_limit_not_execution_assurance
momentum_min_vol,same_close_diagnostic,100000.0,51,2021-08-31,2025-11-28,3.7871776433506914e-06,4.052209407863314e-05,5.969698277818352e-05,0.0,0.0,0.0,5.613901842392307,6.354729391484036,0.8991661492322174,0.13680090042570403,0.9014014938875237,within_largest_tested_limit_not_execution_assurance
momentum_min_vol,same_close_diagnostic,1000000.0,51,2021-08-31,2025-11-28,3.7871776433506915e-05,0.0004052209407863314,0.0005969698277818352,0.0,0.0,0.0,6.514129888789713,6.354729391484036,0.8921332813814159,0.13558082768213553,0.9014014938875237,within_largest_tested_limit_not_execution_assurance
momentum_min_vol,same_close_diagnostic,10000000.0,51,2021-08-31,2025-11-28,0.0003787177643350692,0.0040522094078633145,0.0059696982778183515,0.0,0.0,0.0,9.360900928969262,6.354729391484036,0.8698994179538425,0.13173027779214963,0.9014014938875237,within_largest_tested_limit_not_execution_assurance
momentum_min_vol,same_close_diagnostic,50000000.0,51,2021-08-31,2025-11-28,0.0018935888216753457,0.02026104703931657,0.02984849138909176,0.2070063694267516,0.0,0.0,14.50706268745675,6.354729391484036,0.8297323188537968,0.12479901812207994,0.9014014938875237,within_largest_tested_limit_not_execution_assurance
momentum_min_vol,same_close_diagnostic,100000000.0,51,2021-08-31,2025-11-28,0.0037871776433506914,0.04052209407863314,0.05969698277818352,0.34394904458598724,0.01910828025477707,0.0,18.363181392943346,6.354729391484036,0.7996583751234608,0.11963005517931258,0.9014014938875237,within_largest_tested_limit_not_execution_assurance
